publishedAt,authorDisplayName,textDisplay,likeCount
2024-10-03T00:48:37Z,@DewiShinta-qm3if,"Klo dunia jahat kepadamu, kamu harus baik ke diri km sendiri <a href=""https://www.youtube.com/watch?v=ImyZRKWlZ24&amp;t=778"">12:58</a>",0
2024-09-30T01:50:25Z,@vanillasalonjombang5421,"Cuci piring ,nyapu pel ,bukak salon momong bocil ditemani lagu lagu ini",0
2024-09-30T01:37:29Z,@pratri1196,Apik kabeh,0
2024-09-19T00:18:20Z,@ferdysetiawan4134,semangatttt,0
2024-09-09T09:38:26Z,@nsa21.,ğŸ”¥,0
2024-09-04T00:33:27Z,@nadiamanuputty661,"jalani saja, sebab ini sekolah yang membuat kita harus belajar menjadi manusia yang lebih baik dan lebih kuat, yang kurang ditambah, yang keliru diperbaiki, yang benar dipertahankan...selamat menjalani hidupmu temans",0
2024-08-29T23:54:46Z,@DewaKristian-n9j,Amin....â¤,0
2024-08-27T13:39:05Z,@michikochannel2142,Aku bisaaaaaaaaaaa,0
2024-08-25T02:32:56Z,@elvidaagustri4253,moodbooster utk menemani kerjaan,0
2024-08-22T04:41:17Z,@siscawindi4676,"Btw aku lg sedih d hantam banyak masalah , gagal dalam percintaan gagal dalam pekerjaan , makanya aku lg dengerin lagu2 ky gini biar semangat lagi krna bener2 ga ada yg nyemangatin , aku lg sendirian .",1
2024-08-20T02:41:34Z,@nrshopping7936,masyaallah,1
2024-08-19T15:18:21Z,@windaseptiana2250,"Terima kasih lagu2nya.. Kesini karna ada pikiran yg bikin stress, pengen obatin hati.. Biar lebihh semangatt lg menjalanii hidupp, smoga bisa dilaluii semua ini.. Aamiin ğŸ˜¢ğŸ¤²",1
2024-08-13T05:47:34Z,@SusanSasan,ğŸ˜…ğŸ˜…ğŸ˜…,0
2024-08-13T05:47:25Z,@SusanSasan,Lagu nya ingin ku dowloat,0
2024-08-12T08:11:43Z,@muhammadalfiarisman2124,ğŸ”¥ğŸ”¥ğŸ”¥,0
2024-08-09T04:36:39Z,@mhmdrvl,ğŸ”¥ğŸ”¥ğŸ”¥ğŸ”¥ğŸ”¥,0
2024-08-08T02:06:35Z,@riefQ21,oke,0
2024-08-06T13:32:57Z,@auliarahmah6755,cuma mau bilang &quot;terima kasih bang/kak&quot;,0
2024-08-05T13:47:35Z,@zakizahra3435,Sikat wel hingga semangat terus dan sehaÅ¥ selalÃ¹,0
2024-07-31T00:32:55Z,@lilisolifia5296,Ya Allah kuatkan aku buang lah rasa gelisah hamba mu..,0
2024-07-30T03:27:51Z,@Handii-lt7mh,&quot;Pura-pura&#39;mengikhlaskan kepergian mu itu sandiwara paling menyakitkan &quot;<br> 30 juli 2024,3
2024-07-29T19:18:32Z,@helz9649,"pengen punya tempat buqt bercerita,tentang apa yanh dirasa,tentang isi hati yanh selalu merasakan perih dan tekanan tentang arah hidup,mungkin begini yaa rasanya tidak punya sosok ayahğŸ¥º,ternyata jadi dewasa tidak sesenang apa yang aku bayangkan dulu,,entahlahh semua begitu terasa berat,ingin punya rumah tempat bercerita tempat menghilangkan rasa penat akan kerasanya duniağŸ¥º",0
2024-07-29T19:19:12Z,@helz9649,please help me,0
2024-07-29T12:00:44Z,@CHECHVELOPER,Ibu...aku hancur!!,0
2024-08-08T12:51:09Z,@Shasha8-yh8xc,ğ–²ğ–¾ğ—†ğ–ºğ—‡ğ—€ğ–ºğ— ya,0
2024-07-28T14:26:32Z,@VinoGanteng-t8s,Haiii kamu pasti kuat kamu harus janji sama diri sendiri untuk sukses dan berhasil walaupun itu semua berat <br><br>Harus janji,0
2024-07-28T09:07:12Z,@AsmaulHusna-y8q,Dulu aku pengem cepet dewasa eh pas udah dewasa nyesel :&lt;,0
2024-07-28T04:58:31Z,@essyghania2477,ma...paa.. anak mu yang cantik ini sudah merasakan pahit nya dunia,1
2024-07-27T10:32:36Z,@user-ry9ks3cj6m,"Abang,dimanakah engkau sekarang? Mengapa aku rindu sekali padamu? Aku ingin tidur,bermain,berkelahi bersamamu sekali lagi. <a href=""https://www.youtube.com/watch?v=qwWfBoteiy8&amp;t=325"">5:25</a>",10
2024-07-27T10:03:37Z,@mrizky4342,&quot;merelakan dan mengikhlaskan seseorang tidak semudah membalikan telapak tangan&quot;,0
2024-07-24T14:53:52Z,@BrayobayBayzz,"Makin dewasa bukanya bayak duit tapi,malah banyak jembut babi",0
2024-07-24T14:51:28Z,@BrayobayBayzz,Andai keluarga gw kaya dulu lagi rindu banget suasana dejavu nya ngentotttttt,0
2024-07-24T08:12:09Z,@auliyaofficial489,Tuhan tolong bawa ayah ku kembali,0
2024-07-23T16:33:15Z,@imansunyoto6781,"Ga bisa komen apa2, cuma bisa bilang sedih ğŸ˜Š",0
2024-07-23T15:05:41Z,@jane.fzahhh,"Ayah, Ibu.. ternyata aku ngga sehebat ituu. Maafin aku ngga sesuai ekspektasi kalian. Aku cuma jadi beban, maafin aku. <br><br>Sebenarnya aku kangen ayah sama Ibu barengÂ² lagi. Karena aku gatau tempat pulangku kemana sekarang. Tapi aku ga boleh egois kan (?)",0
2024-07-23T14:32:39Z,@fiminn7862,"Maaf in aku  ya mah,pah ...<br>Aku belum bisa kaya kaka<br>Belum bisa jadi anak yang bisa di andalin kaya kaka<br>Belum bisa jadi anak yang serba bisa kaya kaka<br>Belum bisa jadi anak semandiri kaka<br>Belum bisa ngasih apapun kaya kaka<br>Belum bisa apapun dari kaka...<br>Belum bisa mah,pah,bukan gak bisa...<br>Stop bandingin aku,mungkin cara ku sedikit berbeda dari kaka,tapi tujuan ku sama kaka sama kok,sama sama pengen ngebahagia in mama sama papa.<br>Sakit banget kalo kalian banding bandingin aku,mungkin aku akan biasa aja klo di bandingin sama anak tetangga,<br>Tapi kalo sama kaka sendiri,aku berasa jadi anak yang gagal...",1
2024-07-22T16:20:02Z,@azisal3312,"Kenapa bnyak orang, yakin masa kecil itu indah. Justru dewasa itu bisa membuat bnyak pilihan",1
2024-07-23T13:00:17Z,@slametbimaslametbima-eb3rd,Karna masa kecil mereka senyuman mereka belum palsu,0
2024-07-24T11:38:46Z,@CHAXSHILLA_.,iya bang bener tapi emang masa paling enak di hidup itu masa kecil masa dimana kesana kesini gaperlu mikir kedepannya kyk gmnaa,0
2024-08-08T13:26:59Z,@azisal3312,Apa semua masa kecil itu sama. Tidak juga,2
2024-07-22T13:34:39Z,@arisssyahhajg4528,.,0
2024-07-21T15:37:54Z,@ZahranIndrarahmana,Kawan tetap lah tertawa walaupun kita kecewa,0
2024-07-21T14:21:59Z,@indahkrisastuti3380,"Yang harus kita yakini yaitu &quot;Tidak mungkin tuhan membawa kita sejauh ini untuk gagal,itu tidak mungkin&quot;.",0
2024-07-21T13:09:38Z,@MamyMiska-ji4fp,"Dengarin lagu ini sambil baca komentar&quot; Orang, sumpah makin nangis kencanggg,, baru liat papa dali meninggal udah nngis tiap vid lewat ke youtube penasaran sama lagunya, eh baca komen makin nangis kejar ğŸ˜­â¤",4
2024-07-21T08:37:20Z,@Haynaisa13,bahkan disaat terpuruk pun hanya diri yg mampu mendekap segala sesak,5
2024-07-27T15:43:12Z,@haaaaafiiiizzzz,Wanjaayyy,0
2024-07-19T14:42:26Z,@konichiwa6411,Selalu memaksa diri untuk berfikiran positif tetapi keadaan  membuatku berfikiran negative =),10
2024-07-19T14:31:59Z,@AdindaKaniya,Aku jelek,0
2024-07-19T06:57:43Z,@IkasariWahyuningsih,&#39;&#39;aku akan selalu senyum di depan kedua orang tua karna aku tidak ingin mereka lihat aku di  bully  dan kata tidak apaapa agar mereka selalu percaya senyum palsu ku&#39;&#39;,2
2024-08-03T11:58:43Z,@siti_nurumamah7618,ğŸ¤—,0
2024-07-19T03:25:20Z,@Ami.0405,Di bikin sedih ama keluarga gitu,0
2024-07-19T03:24:33Z,@Ami.0405,Kdang juga ngerasa tentang keluarga ğŸ˜”,0
2024-07-18T16:57:03Z,@RealMadridPassion,"feby putri klo nyanyiin lagu bunda by ayumi pasti cocok juga, setuju ngak? <a href=""https://www.youtube.com/watch?v=pF436czgO1g"">https://www.youtube.com/watch?v=pF436czgO1g</a>",0
2024-07-18T15:16:39Z,@ZaskiaRamadani-ni1iz,"Waktu itu pernah berantem sama temen tapi ...... Baikan lagi dan udah lumayan lama kita temenan lagi sebenarnya udah trauma sama yang nama nya temenan tapi mau gimana lagi , kenapa sekarang dia bohongin aku?",0
2024-07-18T10:40:43Z,@juniverrubengili9914,Broken Home Itu Ga Enak ğŸ˜Š,0
2024-07-17T16:11:09Z,@syuhadamustafa6922,"untuk semua aku tahu proses nya g mudah,tapi aku tau kamu bisağŸ’Œ jangan cape dulu kamu itu harapan keluarga.",0
2024-07-17T15:52:20Z,@ariqahputrinafisah114,Jujur udh se cape itu menahan diri tapi apalah daya hanya bisa menerima tak punya waktu untuk ber sedih selalu di tuntut Ini itu tapi ini demi kabaikan aku juga katanya tapi ahh bodoh sekali selalu di bilang jelek tapi itu kenyataan ingin membalas tapi tak ad guna ny aku harus bagaimana menghibur diri saja selalu Di katain gila apa salah ny tertawa menamgis tidak bisa bahkan tertawa saja sesulit itu  gimna jdi aku harus bagaimana,0
2024-07-17T15:33:53Z,@Sep-Ar,"Bro gua mau kasih long TEXT hehehehe <br>Kalau di pikir-pikir dulu pas masa sekolah rasanya menyesal, setidaknya ungkapkan saya meskipun demikian sudah tahu reaksi dan jawabannya pasti akan merasa menj*j*kan wkwkw. Lagipula pas masa sekolah hanya seorang pecundang, berbanding terbalik dengan saudara saya bahkan mengendarai sepeda ataupun (sepeda) motor saja tidak bisa. Sekarang sih dah bisa ğŸ˜, but pecundang tersebut tidak pernah hilang.<br>Padahal setidaknya saya mencoba untuk mengungkapkan perasaan tersebut ketika kita akan berpisah untuk waktu yang sangat lama atau bahkan tidak akan pernah bertemu selama-lamanya, rasanya kalau terus-terusan saya sesali akan semakin menyakitkan, tapi saya harap kita akan bertemu lagi tanpa harus adanya sebuah perjanjian melakukan pertemuan karena rasanya hal tersebut hanya akan menggangu waktunya. Lagipula waktu Dia lebih penting ketimbang saya hehe For real, man ğŸ˜„<br>Bahkan terkadang saat ini saya rasanya mending m*ti saja, apa coba manfaat saya bagi lingkungan sekitar rasanya tidak ada, meskipun terkadang memang terasa saya sangat berguna tetapi itu tidak lama ketika saya melakukan sebuah kesalah dan rasanya sangat menyakitkan untuk hati dan kepala saya. Untuk sekarang pun saya memang memiliki goals untuk belajar elektronika, Alhamdulillah sih sekarang sudah sedikit tahu tentang ukuran sebuah nanofarad  microfarad tetapi terkadang rasanya sia-sia karena memang diriku yang mungkin terlalu lamban dalam bekerja ataupun berpikir FUCK IT rasanya ingin hilang saja dari dunia ini terlalu tidak berguna, bahkan ketika saya mencoba untuk bekerja lebih cepat dari biasanya semua pekerjaan yang saya lakukan malah menjadi berantakan dan malah menjadi manusia pengacau hanya bisa mengacak-acak barang tetapi ketika saya melakukan sesuatu dengan sedikit lamban saya akan dianggap seseorang yang malas yaaaa memang kenyataannya begitu aslinya ya memang pemalas aja tidak perlu membuat alasan ketika bekerja cepat malah membuat semua hal menjadi berantakan. But I love ma self yes man I love u ma self ma here hehe. Thanks lah bro wkwk apacoba yang saya tulis sebanyak ini isinya hanya sampah mending buang saja sana. And I LOVE MY FAMILY<br>Saya harus bekerja lebih giat lagi dan dapatkan upah uang sebanyak-banyaknya, rasanya uang memang bukan segalanya tetapi kebahagiaan dan kesehatan adalah segalanya, namun segala kebahagiaan harus dibayar dengan uang itu sendiri begitu juga dengan kesehatan <br>SH*T MAN THAT A LONG TEXT <br>Inggris saya terlalu buruk mohon dimaafkan hehe",1
2024-07-17T05:53:52Z,@AhmadDani-gp2hd,kan ku tunggu kmu smpai aku ykin kmu ngk akan kmbali lgi,0
2024-07-16T13:05:50Z,@AmmarHaris-d6d,Alhamdulillah masih bisa bernafasğŸ˜Š,0
2024-07-16T12:02:03Z,@Ps.YustusEduardKoebanu,Serasa baru aja kemarin bahagia eh sekarang udah gak bahagia lagi â¤,0
2024-07-16T12:00:25Z,@firaraaa9220,"semakin kesini samakin merasakan bahwa aku hanya hidup sendirian, tak punya tempat cerita ataupun pulang...",1
2024-07-16T09:54:01Z,@salinasally277,barcode sambil galau.,0
2024-07-15T08:56:16Z,@PutraAshari7,Sekedar berandai menatapi diri ini<br>Berpenncar pergi tuk mencari apa yg lama tuk di cari<br>Pergi tanpa pamrih <br>Pergi tanpa pamit akan<br>Kesana kemari tanpa arah<br>Serta ratusan makian<br>Kembali pulang tuk menenangi banyaknya luka yg berantakan peluk hangat sikap tuk sembuhkan kembali pulang bersama terang menghiasi diri merayakan genggaman tangan yg masih ada ho-o-ouooo....<br>Kembali pulang tuk menenangi banyaknya luka yg berantakan peluk hangat sikap tuk sembuhkan kembali pulang menghiasi diri merayakan genggaman tangan yg masih adağŸ˜¢,0
2024-07-15T05:36:02Z,@Aliyasyahkila1512,"Semakin bertambah usia aku semakin paham tidak akan ada yg memahami perasaan mu sendiri selain dirimu sendiri, bahkan ketika kau terluka tidak akan ada yg paham akan rasa sakit mu kecuali diri nu sendiri, teruntuk diri ku tetap la kuat , terimakasih sudh menjadi tempat pulang buat jiwa ini ,aku syg kau diri ku sendiri, semoga kebahagiaan suatu hari nanti akan selalu menghampiri mu ğŸ’–",0
2024-07-14T04:58:58Z,@SyaviraAzzahra-hv8vz,luka terdalam diciptakan oleh keluarga,1
2024-07-13T20:59:34Z,@Vitri_-qv3qg,"dulu kufikirr menikah hanya bahagia bahagianya saja, nyatanya di dalamnya juga ada berbagai kecewa,amarah,tangis,sabar,sabar,sabar ğŸ˜¢",0
2024-07-13T12:07:07Z,@sueasyhar9390,hrus lihat dia bahgia dulu iy,1
2024-07-12T23:07:00Z,@user-mv2xj5vm7l,o,1
2024-07-12T13:17:51Z,@RitaRistiana-h5u,apa bisa kembali lagi menjadi anak kecil?,0
2024-07-11T17:26:26Z,@warna-warni1629,orang miskin serendah itu ya,1
2024-07-11T05:34:18Z,@Vivoy91-l4j,&quot;Semua akan berlalu&quot;,0
2024-07-10T17:59:11Z,@Ayya2wae,Aku berantakan karna orang tua ku sendiri ğŸ˜‚,0
2024-07-10T16:21:14Z,@melisaanggraini5473,"Capek banget ya ternyata menjadi dewasa, memikirkan segalanya sendirian",0
2024-07-10T06:32:00Z,@Radin-ht7ny,mama benar.. ini semua garagara hp,1
2024-07-16T09:58:52Z,@salinasally277,ğŸ˜‚ğŸ˜‚,0
2024-07-09T16:21:27Z,@kevingamers._9026,Cerita dikit pas dia serius ngejar eh kita malah ga bisa sedangkan ketika kita mengejar eh sudah mempunyai yang lain,0
2024-07-09T16:10:14Z,@chameleon4962,"Respect buat kalian yang masih mau bertahan,<br>Gapapa ngeluh terus, maklum soalnya baru pertama kali ngerasain hidup di dunia.",0
2024-07-09T11:40:41Z,@stwnhdi28,uhuyyy,0
2024-07-09T11:23:21Z,@user-xh1bv2zf1z,di buat malu sama ortu sendiri itu ga enak+ga betah di rmh...,2
2024-07-09T08:36:47Z,@AmsirAmsir-sc9oh,"LYRICS<br>Sekedar berandai <br>menatapi diri ini<br>Berpencar pergi &#39;tuk mencari <br>apa yang lama dicari<br><br>Pergi tanpa pamrih <br>pergi tanpa pamit akan<br>Ke sana-kemari tanpa arah <br>serta ratusan makian<br><br>Kembali pulang &#39;tuk menenangi<br>Banyaknya luka yang berantakan<br>Peluk hangat sigap &#39;tuk sembuhkan<br><br>Kembali pulang bersama terang<br>Menghiasi diri, merayakan<br>Genggaman tangan yang masih ada",1
2024-07-09T06:20:29Z,@Naufal-vt5nd,I love you all...,0
2024-07-09T00:46:59Z,@andikafajarp915,mengingat masa lalu,0
2024-07-08T15:37:40Z,@davinpesik3628,"R u ok?..&#39;NGGAAAAAAAA AKU CAPEEEEEEEEEEEEEE,MAU DI PELUKğŸ˜...",0
2024-07-08T14:34:34Z,@karmilah2149,ak keinget nenek ak ğŸ˜”ğŸ˜”ğŸ˜­,0
2024-07-08T11:31:26Z,@fitriyahulfah1713,Peluk hangat sikap tuk sembuhkan,0
2024-07-08T09:51:48Z,@Nana-y9t8x,trauma oleh ayah dan kakek dan trauma Medusa oleh abang sendiri(walau tiri)ğŸ¥€,0
2024-07-08T08:20:09Z,@DeaRamadanti-oh1vk,Kita wajar gk si ngemis kasih syg org tuağŸ˜ŠğŸ˜Š,1
2024-07-08T02:29:54Z,@lwumine,&quot;tapi rumahku hanya sebatas kenangan yang gugur.&quot;<br>â€”nolan,1
2024-07-08T02:24:34Z,@elisafitri3045,Selama ibu ada hidupku akan baik2 saja â¤â¤â¤,0
2024-07-08T00:49:45Z,@bmacibo2586,Ternyata menjadi dewasa itu tidak menyenangkan,0
2024-07-07T12:33:40Z,@Liaa-c9k,Gatau knp setiap sedih ataupun kecewa ak selalu lari ke lagu ini krna lgunya bnr&quot; seenak itu,0
2024-07-06T14:02:13Z,@Firacaine,Keluarga beratakan tapi aku masih tersenyum ğŸ™‚,1
2024-07-11T10:35:59Z,@DeaRamadanti-oh1vk,Sma,0
2024-07-05T09:54:19Z,@Mochipuyo838,&quot;gitu doang&quot; semua orang punya masalah yang berbeda mau gimana pun masalahnya samaÂ² sakit hati.,0
2024-07-05T05:35:51Z,@putuuuulin1737,"maa,paa.. knapa cita-cita anak perempuan mu kalian remehkann..",5
2024-07-04T19:25:39Z,@RayhannP,mimpi? aku punya mimpi yang sudah tersusun rapish sejak kecil namun smua mimpi itu hancur dngan hilang seseorang dlam bntuk kluarga,0
2024-07-04T10:47:34Z,@jihanjihann-z1e,feb dewasa ga enakâ¤,0
2024-07-04T03:27:50Z,@taniarepita8144,"Dulu sangat ingin sekali segera menjadi dewasa,,,tapi sekarang malah pengen balik ke masa kecil lagi,,,semua keluarga lengkap, selalu ada kebahagiaan didalamnya, tak ada satu pun tangisan,,,tapi sekarang aku dipaksa dewasa, kuat, sabar, karna pendewasaan dimulai dari kehilangan ibu yang sangat aku cintaiğŸ˜­ğŸ˜­dulu aku selalu berpikir boleh ngak sakit ibu dipindahin ke aku aja soalnya ngak sanggup liat ibu sakit tapi takdir berkata lain aku harus bisa sabar, dan ikhlas dengan segala takdirğŸ˜¢",2
2024-07-03T21:22:21Z,@MaulanaYusuf-mg5tl,ya udah pergi akan bisa kembali?,0
2024-07-03T21:16:55Z,@claradea3719,Capek.....ğŸ˜…,0
2024-07-03T09:44:39Z,@BeniSlow,"Nyenyeneyenye, bodo amat, serah, <br>Lu Langen kan dengan suara ituğŸ˜Š <a href=""https://www.youtube.com/watch?v=qwWfBoteiy8&amp;t=383"">6:23</a>",0
2024-07-03T09:44:37Z,@BeniSlow,"Nyenyeneyenye, bodo amat, serah, <br>Lu Langen kan dengan suara ituğŸ˜Š <a href=""https://www.youtube.com/watch?v=qwWfBoteiy8&amp;t=383"">6:23</a>",0
2024-07-03T09:44:33Z,@BeniSlow,"Nyenyeneyenye, bodo amat, serah, <br>Lu Langen kan dengan suara ituğŸ˜Š",0
2024-07-03T09:44:18Z,@BeniSlow,"Nyenyeneyenye, bodo amat, serah, <br>Lu Langen kan dengan suara ituğŸ˜Š",0
2024-07-03T09:44:14Z,@BeniSlow,"Nyenyeneyenye, bodo amat, serah, <br>Lu Langen kan dengan suara ituğŸ˜Š",0
2024-07-03T04:11:18Z,@adliaaisyahputri2630,"Teman-teman, jika kamu merasa dunia tidak adil untuk kamu. Tapi satu hal yang perlu kamu ingat, Allah selalu ada untukmu!. jika kamu terluka, sedih atau tak tau arah, maka curhat sm Allah ya, di sepertiga malam, adukan semua yang kamu rasakan, minta petunjuk dan pertolongan sama Allah, Karena Allah lah yang selalu ada untuk kita â¤<br><br>Semoga hari-hari kita menyenangkan, bahagia di dunia sampai syurga-Nya. AamiinğŸ¤²ğŸ»",18
2024-07-02T19:51:48Z,@Andika-q7t,takut mati,0
2024-07-02T09:08:48Z,@graciavalentineguntarto9691,"semua nya cepat berlalu tapi aku masi ingat saat dlu keluarga ku begitu hangat, sampai tak terasa lagi rasa nyaman",0
2024-07-02T08:59:54Z,@IRRRhamn,"Dibikin pusing sama kepala keluarga ku sendiri ğŸ˜¢.. kuatÂ² mahhh, sehat slalu tunggu anak mu ini untuk senantiasa bisa membahagiakan muğŸ˜Š",1
2024-07-02T06:06:31Z,@DanishAlfatih-tl8zw,&quot;ingin kembali kemasa kecil ingin disayang selayaknya anak kecil&quot;,0
2024-07-02T04:12:13Z,@rumapearoom7046,"Ma... Semua berantakan sejak kepergian mu<br>Rumah yang dulunya hangat kini terasa dingin mencekam <br>Aku kehilangan banyak hal, bahkan aku kehilangan diriku sendiri <br>Semua tak seindah khayalan ku di kala aku kecil dulu",0
2024-07-01T20:29:50Z,@NoviPertiwi-hz7sn,gmna kabarnya?,0
2024-07-01T08:15:47Z,@Niyaaaa636,Ma.... Pa..... Anakmu ini capek <br>Mama sama papa gak kasian sama anakmu ini aku juga ingin di dengar seakan akan mama sama papa menyalahkan aku padahal aku yang terluka ma GK semua anak itu kuat aku juga ingin mengeluh aku capek maa..... Paa..... Tolonglah hargai aku selagi aku masih ada,0
2024-08-08T00:11:19Z,@amat4641,hargai juga orang tua mu seglagi mereka masih ada.....................,0
2024-07-01T03:15:38Z,@Anin_01,Selalu salah di mata orang lain bahkan di mata keluarga itu ga enak,1
2024-06-30T17:54:30Z,@grsyflrsan8979,ğŸ¥€ğŸ¥€,0
2024-06-30T15:58:49Z,@elianamafiroh4931,ma..maaf belum jadi anak yang mama ingin kan ahaha,0
2024-06-30T11:42:56Z,@ajobuhun8245,lagu bagus,0
2024-06-30T11:32:40Z,@Nisaamanzzzzz,Rumah? udh hancur we..,0
2024-06-29T23:29:39Z,@auliamaulidahasanah961,capek.,0
2024-06-29T10:18:08Z,@yulia238,"Berusaha untuk beradaptasi dengan orang baru bukan hal mudah, ingin pulang ke rumah ortu yg paling nyaman.",0
2024-06-29T09:54:42Z,@JrtRasya-zq9np,Penghibur tidak akan dihibur sepertimu yg mencintainya namun tidak dapat balasan yang sama,0
2024-06-28T14:39:43Z,@nuramirasyahira3322,ma aku kangen :(,0
2024-06-27T02:58:38Z,@bosterrr.9766,ğŸ¤Œ,1
2024-06-27T01:39:05Z,@BeningTriutami,selalu di salahkan tnpa ada salah sama keluarga itu benar benar gak enak.,3
2024-06-27T00:13:01Z,@PerthootSingh,apalah,1
2024-06-26T13:57:35Z,@vivotembilahany1524,"Lagu pertama Ampe ke tiga ngena bgttt ke aku, dan ini benarÂ² real dengan yang aku jalani sekarangğŸ˜­",1
2024-06-26T12:08:51Z,@heyyagroup_intertaiment,"aku tau aku jelek, ga pinter, dan ga se perfect itu.. but I want a little appreciation. aku juga berusaha untuk jadi yg terbaik buat semuanyaa... bahkan, aku juga berusaha untuk hidup sampe sekarang.",332
2024-07-06T11:25:13Z,@mudrikx3139,ğŸŒ¸ğŸŒ¸,8
2024-07-06T12:07:54Z,@D4_dianzz,tetap bertahan yaaa?,5
2024-07-07T07:03:59Z,@citramutiaracitra,"semangat, kamu hebat udah bisa bertahan sejauh ini. hug virtual kak ğŸ«‚ğŸ«‚",4
2024-07-15T23:35:33Z,@mudahwati532,Kak sakit banget jadi kaka tetap bertahan ya?,3
2024-07-29T14:51:53Z,@dyhaaaa7054,"makasihh yaa for uu.. yang udah mau bertahan sampai detik iniâ¤â¤ kmu hebatt sekalii, im proud of uuâ¤â¤â¤",1
2024-06-26T05:32:35Z,@RiskiAgung-mk5hw,&quot;tenyata dunia ga seindah yg ku kira&quot;..,1
2024-06-25T10:43:44Z,@HenyPurwantu,Lengkap belum tentu cemara<br>bisa jadi didalam rumah itu isinya berisik. <br>bnyk yg bilang lengkap sudah pasti cemara nyatanya ga...,0
2024-06-25T08:48:36Z,@Bear1-,gini ya rasanya nyakitin perasaan orang yg kita sayang.&lt; sama sama sakitğŸ¥º,0
2024-06-24T01:50:24Z,@miftakhulusna,aku hanya ingin kembali di mana masa aku tidak mengenali hp.:)),0
2024-06-23T12:21:37Z,@SariSarii42,Di dunia ini anda sendiri . Yg anda miliki cuman diri kalian sendiri . Jadi hiburlah dirimu sendiri . Agar anda bisa memperlakukan diri anda dengan bahagia tanpa adanya batuan dari orang orang yg malah nyakiti kamu â¤,0
2024-06-23T08:20:05Z,@Quit_890,Aku pernah sesekali trauma dengan berteman karna aku menerima 100 makian dari teman ku tapi aku harus terlihat bahagia/sempurna bagi orang memang didepan teman ku selalu tersenyum namun itu hanya untuk menutupi sakit yang terpendam di dada ku sebenernya aku capek di sosial media diejek di dunia nyata diejek  namun aku harus menjaga topeng iniâ˜º,0
2024-06-23T04:28:41Z,@RinaNingrum-g2b,"gueeeee capek banget di dunia ini, memang senjata yang menyakitkan adalah orang terdekat kita baik keluarga, circle pertemanan dan pasangan dan ekonomi dan sedihnya lgi sahabat gue udh di surga di tahun 2018 semoga tenang di sana ya- november 2018ğŸ¥€",0
2024-06-23T02:46:27Z,@NiaAmanda-rs2wf,Kemn harus pulng? Semuanya juga hancur,0
2024-06-23T12:24:14Z,@SariSarii42,Pulang? Kemana? NGACA!!!!!! MIKIR!!!!! yg ada sekarang itu cuman anda sendiri . Anda sendiri di dunia ini . Ga ada sandran buat anda . Jadi bersandarlah pada diri sendiri . Coba fikir.. ktika kamu sakit hati depresi banyak pikiran... siapa yg terus ada sama kamu? DIRI KAMU SENDIRI . Maka perlakukan diri kamu dengan baik..... yaâ¤,0
2024-06-22T11:33:51Z,@sfzz28,buu...anakmu gatau arah pengen ikut pulang,1
2024-06-22T01:26:41Z,@dindarr9293,"Semua itu ga salah,yg salah tu aku dengen ekspektasiku sendiriğŸ’”",2
2024-06-21T12:49:53Z,@BudiSantuso-ej6dw,Capek,0
2024-06-21T11:51:54Z,@AndikPirmansyah-h7v,Apa itu kasih sayang keluwarga aku tida pernah merasakan yah,1
2024-06-21T00:52:27Z,@hanamona2063,Selalu kecewa dengan ekspektasi sendiri walau sederhanağŸ˜Œ,0
2024-06-20T14:38:03Z,@nadzjuaurwatulwuska6483,BAJINGANNNN,0
2024-06-20T12:22:43Z,@Azuraaaaaaaaaa_,"part tersedih di hidup ku adalah di katain kegatelan dan kecentilan sama bapak sendiri waktu lagi ketawa bareng temen, sampai pada hari ini di sumpah mati sama bapak sendiri waktu lagi ketawa di telepon sama temen",0
2024-06-20T08:44:16Z,@JuliantiSeptriani,..,0
2024-06-19T06:51:42Z,@HafizAgil,Apapun aku butuh kaya orang orang hehehe,0
2024-06-19T06:29:30Z,@HafizAgil,Apaapun itu helpme cepat kya oeang orang brookuu,0
2024-06-19T06:17:11Z,@HafizAgil,Mohon maff cape seelalu ada aja yang bikini capee,0
2024-06-19T06:14:44Z,@HafizAgil,Takut apapun itu gaenak bgt,0
2024-06-19T03:07:39Z,@ApryAnti-mq4rb,Nadin...... Hidup aku berantakan,0
2024-06-17T04:35:16Z,@XCELZES,Mama papa .. aku udah rusak ma pa .. maaf aku ga pernah bikin kalian bahagia... A..aa..aku bakal..bikin sesuatu yang kalian senang iya aku tau aku bodoh sampe kalian suka marahin kalian sampe caci maki aku tapi aku ga suka di maki ma pa.. aku juga anak kalian kenapa kalian ga pernah ngertiin aku Aku cape mah pah aku selalu jadi tempat pulang orang padahal mereka ga anggap aku aa aku udah trauma sama pertemanan aku capek harus ngalah sama adek sama kaka aku ini sebenarnya bukan anak kalian ya kalian sampe ga suka liat aku bahagia aku juga mau di sayang aku ga mau dapet cacian kalian..,1
2024-06-16T19:20:43Z,@devisantini9867,"tuhan bukan rasa sakit ini yang ku inginkan waktu kecil, tolong bawa dia pulangg",5
2024-06-16T08:24:37Z,@noorliatiazhara2830,â¤,0
2024-06-15T13:21:12Z,@donisetiawan1097,&#39;Aku kadang suka disalahin tanpa sebab sedikit pun klo. Ayah sedang marah pasti aku kena omelannya padahal aku gak salah. Aku klo misalnya dalam keadaan yang kurang enak contohnya aku 2hari ini sedang memikirkan orang yang aku suka tapi dia gak suka aku itu cuma aku sama bestfriend aku doang yang tau. Aku hampir mau nyerah sekolah. Tapi aku berfikir masa depan aku masih panjang kalian enak yang gak mikirin kaya aku. Aku mikirin nilai naik kelas apa engga  aku pernah udah mau bodoamat sama nilai ku karena diposisi itu aku lagi sakit hatinya jadi pikiran aku kemana mana. Aku tuh bukan sekolah ngaji belajar demi nilai,5
2024-06-15T07:17:25Z,@rifchanel_2125,"Tuhan, Iya Tuhan.. Semakin Kau Meninggalkan-Nya Maka Kau Akan Semakin Kehilangan Arah... Percayalah...ğŸ’« @riff_nrkhmn",0
2024-06-15T06:11:41Z,@AzizahOkta-jl1xd,aku benci ayahğŸ˜‰,2
2024-06-15T03:04:49Z,@RafliArdiansyah-ki9vn,vibes,0
2024-06-14T03:22:08Z,@HanifahAzakiyyah,Jadi dewasa tuh gaa enakk,19
2024-06-30T15:53:31Z,@rehanyyaa8418,enak anjir punya duit,1
2024-06-30T18:06:35Z,@sitinordiana3824,enak loh bang sekiranya kmu g lupa Tuhan mu bang,0
2024-06-30T18:41:36Z,@syahrulchannel9069,Enakin aja bray,0
2024-06-13T01:41:47Z,@tajuddinrifqiendria3252,pulang kembali,3
2024-06-11T12:30:57Z,@NengsihSrihayati,"Mah, maaf ya prosesku lambat, hasilnya masih belum terlihat. Tapi aku sudah mengungkapkan sejuta keluhan atas prosesku. <br><br>Maaf mah, pa, rasanya aku masih belum mampu membuat kalian bangga",0
2024-06-11T07:30:00Z,@Pituspanus-n2b,Mau pulang kemana ?,0
2024-06-10T19:17:47Z,@GowthersDoll-gq3dp,"Apaansi lagu kontol. Nyanyi kaya ngedongeng,",0
2024-06-10T16:28:08Z,@endang3439,"Entah apa yang tuhan rencanakan di ujung ceritaku,semoga bahagia yg akan menjemput",0
2024-06-10T13:53:38Z,@mirnamosaik,Hari ini aku memiliki trauma,0
2024-06-09T16:52:25Z,@salmaazkia,"Anak tengah sama anak pertama, jelas menang anak pertamağŸ˜",1
2024-06-09T12:06:23Z,@FIKRIFIKRI.F-km1ry,Kenapa cewek gw gak mau di post cokkk padahal cantik njirr gw sakit hati kalau di post bakal di putusin,0
2024-06-09T11:08:54Z,@fnp691,mama...<br>mana sikap mmah yg duluu tth kangen tpi skrg mmh uda ga peduliin tth lagiğŸ˜¢ğŸ˜¢<br>malah peduliin anak orang lain di banding anak sendiri..ğŸ˜ƒ,28
2024-06-09T10:55:28Z,@IyaIniRuna,"kak Feby, rumahku udah hancur sisa rumah asli.. aku kangen mereka tapi aku mengerti mereka juga butuh istirahat, sekarang aku bahagia kak soalnya mereka ngumpul lagi meskipun tidak sebagai keluarga di rp namun sebagai Teman. Once a family, always a family â¤",6
2024-06-09T02:13:38Z,@sitimariyam7237,Hidup tanpa org yg mendukung ketika wktu kecil ga mau jadi tumbuh berkembang jadi org dewasa krna rasany tiada dukungan hanya ada rasa runtutan dan menyakitkan hati kembali pulang ga mungkin krna lebih baik pergi mencari kebaikan d luar sana lebih tenang banyak berharap ada org baik yg mengerti dan mendukung,2
2024-06-09T00:29:24Z,@fitrilestari3673,"Orang tua adalah luka ku,dan ku pun mjd luka bagi anak ku .ingin ku kembali pulang tapi entah pulang kemana atau kembali ke sang ilahi",1
2024-06-08T18:56:04Z,@khoirunnisak5100,sad,0
2024-06-08T16:20:44Z,@IndahLestari-ky3xe,Aku ingin kamu kembali ğŸ˜•,0
2024-06-08T15:07:21Z,@Aisyah-ox8vx,Yaallah aku terlahir sebagai anak yang broken home bahkan ayahku meninggal disaat aku mulai meranjak dewasa doaku hanya satu. Utuhkan keluarga kelak diakhirat yang tidak pernah utuh di dunia yaallahğŸ™‚,0
2024-06-08T07:26:37Z,@christianpaskalismote6229,"&quot;langit itu hanya indah saat di pandangi, bukan untuk dimiliki!&quot;<br><br>- rasa",1
2024-06-08T02:24:28Z,@tiarahandayaninalole7464,Yg singgah disini kebanyakan anak broken home yg keluarga lengkap tapi tidak punya tempat pulang<br>Semangat semuanya kalian ga sendirian kokâ¤,107
2024-08-24T18:34:31Z,@rullzxd6209,"iya kak, ko tau siğŸ¥º",1
2024-09-01T04:33:51Z,@cocopandanmilkyy,"Bukan cuman broken home ka, strich parents bisa apa? ğŸ˜”",0
2024-09-01T04:57:58Z,@vietiogrey2244,"Gak sendirian,beribu di dunia, tapi hati ini rasa pilu sendiri",0
2024-06-07T17:57:49Z,@rndiiifirmansyah,Hidup broken home,0
2024-06-07T15:26:28Z,@aulianicki1,Kangen mamaağŸ˜¢,3
2024-06-07T01:13:54Z,@oyonwahyu5568,Dibuat trauma sama suami sendiri,1
2024-06-06T20:48:32Z,@Kikiw34,tes,0
2024-06-06T13:36:48Z,@Nya_chan...467,"&quot;kukira keluarga adalah rumah terakhirku untuk pulang, ternyata rumah terakhir ku adala diri ku sendiri&quot; ğŸ¥€ğŸ¥€",122
2024-06-05T16:13:38Z,@dianaadam-gx6qe,"aku tetap bernafas , meski aku tak merasa bebas",0
2024-06-05T15:08:23Z,@ShireenSrennn,tuhan aku cape ngejar nilai tapi kenapa selalu nihil aku selalu gagal membanggakan mereka aku gagal bikin mereka bahagia aku iri dengan sahabt ku dia hidup nya bener benar sempurna â˜ºï¸,0
2024-06-05T15:00:10Z,@Arsyadvin007,nice,0
2024-06-04T13:34:35Z,@EgoLerian,"Dari kecil orang tua udah pisah &amp; mama milih balik ke kampung halamannya yg jauh, tinggal dengan nenek yg katanya sayang tapi malah buatku ga bisa apa apa . Tinggal dengan bapak yg sering buat sedih kecewa dan sakit hati dari pada buat senang. Lebaran kemarin bapakku meninggal dunia dengan meninggalkan beberapa hutang yg akhirnya harus aku yg bayar dengan gajiku yg sangat kecil ini, tapi aku tentu saja sedih ketika beliau meninggal. Di umur 28 tahun ini masih belum punya tabungan bahkan gaji bulanan habis buat bayar hutang, sempat punya harapan bisnis di usia 26 tapi yah apa dikata malah kena tipu. Dan btw sudah 7 tahun belum ketemu mama dengan alasan belum ada biaya tentu saja sebenarnya saya takut akan menyesal seumur hidup tapi anakmu ini dipaksa harus tetap berdiri di tengah hantaman kanan kiri. Maafin aku mah masih belum bisa bikin bahagia maaf belum pernah ngenalin mamah sama seorang wanita karena anak mamah ini terlalu payah.",0
2024-06-04T13:03:34Z,@PianSagala,feby putri? wkwk nama mantan gw febyana cok jadi kangen lagi kanğŸ¥²,0
2024-06-04T08:39:56Z,@luckigaming1774,HTS ga bisa banyak ngatur,0
2024-06-03T16:50:45Z,@ZahratunNabila-jc6om,Berantakan siii,0
2024-06-03T14:30:17Z,@saveme3145,"Ayah, maaf aku tidak setegar dirimu.",0
2024-06-03T13:21:09Z,@SaidahGantinaBerutu,Tolong bawa ayah ku kembali<br>Aku begitu merindukan nya,0
2024-06-03T12:56:45Z,@ferdyrizkyyanto3953,pada,0
2024-06-03T01:31:00Z,@flashfilmid7138,pulang bukan hanya kerumah namun tempat dirimu merasakan nyaman disana,4
2024-06-02T12:45:02Z,@Apal2803,"Maa..pa...<br>Anakmu pengen di peluk,pengen di sayang dengan tulus..",1
2024-06-02T12:43:13Z,@Apal2803,Pengen peluk kalian semua melampias kan semuanya,0
2024-06-02T12:42:38Z,@Apal2803,Dewasa sangat melelahkan yah,0
2024-06-02T12:41:53Z,@Apal2803,Kenapa yah semakin dewasa kalau di bentak ortu semakin cengeng,1
2024-06-02T12:32:04Z,@ariesarose,jadii anak tunggal itu sumpah gak enakkk.,0
2024-06-01T09:39:57Z,@mustajayana7278,ğŸ˜­ğŸ˜­,0
2024-05-31T13:45:57Z,@anisah9374,"Terkadang aku sadar kalo aku itu ga berguna,jelek,dan sering jdi third choice,tapi untungnya aku mempunyai sahabat untuk curhat,aku tidak yakin dia tulus apa emng butuh..",2
2024-05-31T02:13:18Z,@artaufs,"ã…â€œë‚´ê°€ ì§€ê¸ˆ ì§‘ì—â€ë‚´ê°€ <a href=""https://www.youtube.com/watch?v=qwWfBoteiy8&amp;t=531"">8:51</a> â€œë‚´ê°€ ì§€ê¸ˆ ìš´ì „ ì¤‘ì´ë¼ì„œ ìŒì„±ìœ¼ë¡œ ì¹´í†¡ ë³´ë‚´ëŠ” ì¤‘ì´ì•¼ ì´ê±° ìŒì„±ìœ¼ë¡œ ë³´ë‚´ëŠ” ì¤‘ì´ì•¼ ì´ê±° ìŒì„±ìœ¼ë¡œ í•˜ëŠ” ê±°ì•¼ ë§ë¡œ ë§ë¡œ í•˜ë‹ˆê¹Œ ì˜¤íƒ€ê°€ëª¨ ì´ê±° ì´ê±°ë¥¼ ìŒì„±ìœ¼ë¡œ ë³´ë‚´ëŠ”í•˜ê³ ë„ë‹¤ëŠ” ê±°ì•¼ ì´ê±°ë¥¼ë¡œë¡œë¡œë¡œë¡œë¡œë¡œë¡œë¡œë¡œë¡œë¡œë¡œë¡œë¡œë¡œë¡œ ë¡œë¡œì§€ë²¼ì ¸ë…€ëŒã…•ë…€ê²¨ë ¤ã…•ëŒë”ì–´ëŸ¬ì˜¤ì˜³ã…‡ã…ã…‡ã…ã…‡ã…ã…ã…‡ã…ã…‡ã…ì˜¤ã…•ìš”ë‘‰ ì•ˆë…•í•˜ì„¸ìš” ë°©íƒ„ì†Œë…„ë‹¨ ë°©íƒ„ì†Œë…„ë‹¨ ë°©íƒ„ì†Œë…„ë‹¨ ë°©íƒ„ì†Œë…„ë‹¨ ë°©íƒ„ì†Œë…„ë‹¨ ë°©íƒ„ì†Œë…„ë‹¨ ë°©íƒ„ì†Œë…„ë‹¨ ë°©íƒ„ì†Œë…„ë‹¨ ë°©íƒ„ì†Œë…„ë‹¨ ë°©íƒ„ì†Œë…„ë‹¨ ë°©íƒ„ì†Œë…„ë‹¨ ë°©íƒ„ì†Œë…„ë‹¨ ë°©íƒ„ì†Œë…„ë‹¨ ë°©íƒ„ì†Œë…„ë‹¨ ë°©íƒ„ì†Œë…„ë‹¨ ë°©íƒ„ì†Œë…„ë‹¨ ë°©íƒ„ì†Œë…„ë‹¨ ë°©íƒ„ì†Œë…„ë‹¨ ë°©íƒ„ì†Œë…„ë‹¨ ë°©íƒ„ì†Œë…„ë‹¨ ë°©íƒ„ì†Œë…„ë‹¨ ë°©íƒ„ì†Œë…„ë‹¨ ë°©íƒ„ì†Œë…„ë‹¨ ë°©íƒ„ì†Œë…„ë‹¨ ë°©íƒ„ì†Œë…„ë‹¨ ë°©íƒ„ì†Œë…„ë‹¨ ë°©íƒ„ì†Œë…„ë‹¨ ë°©íƒ„ì†Œë…„ë‹¨ ë°©íƒ„ì†Œë…„ë‹¨ ë°©íƒ„ì†Œë…„ë‹¨ ë°©íƒ„ì†Œë…„ë‹¨ ë°©íƒ„ì†Œë…„ë‹¨ ë°©íƒ„ì†Œë…„ë‹¨ ë°©íƒ„ì†Œë…„ë‹¨ ë°©íƒ„ì†Œë…„ë‹¨ ë°©íƒ„ì†Œë…„ë‹¨ ë°©íƒ„ì†Œë…„ë‹¨ ë°©íƒ„ì†Œë…„ë‹¨ ë°©íƒ„ì†Œë…„ë‹¨ ë°©íƒ„ì†Œë…„ë‹¨ ë°©íƒ„ì†Œë…„ë‹¨ ë°©íƒ„ì†Œë…„ë‹¨ ë°©íƒ„ì†Œë…„ë‹¨ ë°©íƒ„ì†Œë…„ë‹¨ ë°©íƒ„ì†Œë…„ë‹¨ ë°©íƒ„ì†Œë…„ë‹¨ ë°©íƒ„ì†Œë…„ë‹¨ ë°©íƒ„ì†Œë…„ë‹¨ ë°©íƒ„ì†Œë…„ë‹¨ ë°©íƒ„ì†Œë…„ë‹¨ ë°©íƒ„ì†Œë…„ë‹¨ ë°©íƒ„ì†Œë…„ë‹¨ ë°©íƒ„ì†Œë…„ë‹¨ ë°©íƒ„ì†Œë…„ë‹¨ ë°©íƒ„ì†Œë…„ë‹¨ ë°©íƒ„ì†Œë…„ë‹¨ ë°©íƒ„ì†Œë…„ë‹¨ ë°©íƒ„ì†Œë…„ë‹¨ ë°©íƒ„ì†Œë…„ë‹¨ ë°©íƒ„ì†Œë…„ë‹¨ ë°©íƒ„ì†Œë…„ë‹¨ ë°©íƒ„ì†Œë…„ë‹¨ <a href=""https://www.youtube.com/watch?v=qwWfBoteiy8&amp;t=625"">10:25</a> ì¼ë‚ ì€ ë‚´ê°€ ë” ë§ì´ ë§ì´ ë§ì´ ë§ì´ ë§ì´ ë§ì´ ë§ì´ ë§ì´ ë§ì´ ë§ì´ ë§ì´ ë§ì´ ë§ì´ ë§ì´ ë§ì´ ë§ì´ ë§ì´ ë§ì´ ë§ì´ ë§ì´ ë§ì´ ë§ì´ ë§ì´ ë§ì´",0
2024-05-30T14:05:17Z,@Zelaaaa-i6s,Kenapa ya aku selalu dibandingkan sama adek semenjak aku punya adek,0
2024-05-30T12:17:52Z,@arifhidayat2834,Dancow bohong ternyata katanya tumbuh dewasa itu enak,0
2024-05-30T12:07:53Z,@jelitasibuea9056,Pada akhirnya yang ngerti diriku ya cuma akuğŸ™ƒ,0
2024-05-30T11:22:17Z,@aksay3563,"part tersedih ituu kita udah berkepala 2 tapi masih belum jadi apa kyaa ko dunia ga adil yahh , orng yang sering maksiat hidupnya senang dan paling penting merka malah dapat kerja , mnrt klian adil ga guys? ughh gw udah berusaha lamar sana sini cape co gaada sama skli pnggilan kerjaa , padahal gw laki&quot; satu satunyaa dari klurga 4 bersodara ada adik gua yang harus kasih jajan tapi kakanya masih gini gini ajaaa maaf ya dee kaka ga bisa apa apa dunia tuhan emng ga adil :))))))  , yang masih ngnggur siini kumpul",38
2024-06-17T06:41:34Z,@juliaputririanita30,semangat kaka,3
2024-06-27T15:16:46Z,@rannikes1506,"Kak, mungkin kakak bisa coba jualan sambil nyari kerjaan kak. Bisa makanan, jajanan, atau bahkan buat sesuatu dari barang bekar dan jadi sesuatu yang bisa berguna. Atau bisa juga jual jasa yang kakak bisa. Misalnya jadi guru les (privat juga boleh) atau jasa lain. Misalnya kakak suka foto, bisa juga kak. Semangat kaak.. Pasti ada jalannya..",2
2024-07-08T20:24:13Z,@amelsayang2170,"semangat kak,org maksiat surganya di dunia kak, mungkin kita nanti di akhirat beruntung nyağŸ˜Š",2
2024-07-23T05:28:12Z,@k.nierma7069,Semangat ka... selalu berdoa semoga ada jalan keluar dari kesulitan ini. Jgn sedih lagi ya ka. Setelah kesulitan pasti ada kemudahanğŸ˜‡semangat kakak jgn ampe mengakhiri hidup ini ya kağŸ˜Š,1
2024-07-27T00:40:44Z,@lira2024,"Tidak ada tidak keadilan kecuali kita yang kurang bersyukur mereka yang berkecukupan anti agamis mngkn mereka terkena penyakit isthijrat&#39;) berbahagia orangÂ² dengan rasa bersyukur,tetap semangat untuk kehidupan selanjutnyaâ¤ â¤â¤",1
2024-05-29T15:30:23Z,@graceevelinasimanullang1248,"Thankkk Youuu Pss Reminder nyaaa, God Blesssâ¤",0
2024-05-29T06:12:32Z,@DiahAtikaSuri,"Kata orang orang dia pengen banget kembali ke masa kecil sdng kn gw ngak pengen, malahan pengen lupain masa kecil itu ,dewasa Pun gw belum siap ,mau mati tapi rasa nya percuma",0
2024-05-28T14:01:42Z,@Redmi7-ti2wn,"Dengan segala hasilnya aku sudah berusaha , entah seperti apa bentuknya aku sudah berusaha ,entah seperti apa jadinya aku sudah berusaha. Entahada atau tidak ada yang mengapresiasi aku akan tetap exited dengan diriku sendiri , dengan segala kotorku aku pantas dihargai meskipun penghargaan itu dari diri sendiriğŸŒ· entah kata orang mengecewakan atau tidak aku akan tetap bersyukur dengan segala yang aku usahakan, kuatkan anak perempuan dengan segala usahanya ini ya allah",0
2024-05-28T12:15:39Z,@17Dewww,"keluarga senang, diri sendiri kecewa atau keluarga kecewa tapi diri sendiri senang?",1
2024-05-28T08:17:46Z,@susiichanell201,Dewasa ku di mulai dengan kepergian ayahğŸ¥º,0
2024-05-28T01:31:18Z,@DevBloxID,bagus,0
2024-05-27T17:47:29Z,@nuurnatasha1701,aku masih disini mencintaimu walaupunkamu sedang meraikan cinta barumu,0
2024-05-26T15:35:50Z,@aldodo-ds1sf,Maa aku berantakan gaada mama,0
2024-05-25T23:19:35Z,@queenbopbop5867,"hai ma , aku sekarang lagi butuh peluk kamu aku juga butuh doa mu ma semoga aku bisa kuat ya di sini :)",0
2024-05-25T08:49:39Z,@PutryPolapa,ğŸ˜¢ğŸ˜¢ğŸ˜¢,0
2024-05-25T08:13:46Z,@irahamsa,"buat apa aku hidup? jika tidak ada kebahagiaan,harus cari kebahagiaan dimana lagi aku?,capek tau ga",13
2024-09-10T08:49:38Z,@JoelPurba-q3q,"Tuhan memberikan mu bernafas,jdi harus di syukuri ,coba kamu latihan diri mu pelan pelan supaya cita cita mu tercapai",0
2024-05-25T03:57:55Z,@awawawa-hd5lk,"hai cara biar bisa berhasil buat akhiri hidup gmn ya ? aku udah coba bercode , minum obat kisaran 4/5 tp tetep masih hidup , aku cape , ma pa abngg dgr aku sekaliii ajaaa ğŸ¥º perhatian mama jgnn k abang terusss ğŸ¥º",2
2024-05-24T14:30:21Z,@monicaliviaikashafitri752,"tanpa sadar ternyata aku memang lelah, capek",0
2024-05-24T05:36:55Z,@DepiskaIndriani,Punya rumah tapi gada tempat pulangğŸ˜¢,0
2024-05-24T03:49:53Z,@fikiseptianti,Istiqomah berat bangetğŸ˜¢,2
2024-05-23T13:40:24Z,@Lynjurnall_,Kembali pulang....,0
2024-05-23T12:54:08Z,@zulhaikaldamansyar1616,"Hai kamu, iya kamu !<br>Bukan hanya kamu yang pernah merasa sendiri,merasa paling tersakiti<br>Namun ribuan orng jg pernh merasa sendiri dengn berbagai macam masalah yg berbeda, ketahuilah bhwa tdk semua orng akan merasakan apa yg kamu rasakan<br><br>Jdi sekrng hrus kuat dn menjdi obt terbaik untuk diri sendiri",31
2024-05-23T11:10:31Z,@nurfashaaqira5986,org yg tulus akan diuji,0
2024-05-22T15:58:02Z,@atikakhaliasa798,capekkkk,2
2024-05-22T12:32:47Z,@HajiSaidSaid,Mau pulang untuk curhat tapi keluarga...,3
2024-05-22T03:21:45Z,@kharismalesmana5374,Terbunuh oleh pikiran sendiri,18
2024-05-21T12:13:43Z,@ElfayaSyifa,ortu ada perannya aja yg hilang,2
2024-05-21T12:02:59Z,@sucisuci-gh2nl,Lengkap belum tentu cemara,0
2024-05-21T11:36:52Z,@SintaArisya,2 tahun lagi aku akan kembali pulang â¤,0
2024-05-21T05:56:03Z,@elvianawulan1483,sakit ini sangat nyata,0
2024-05-21T01:42:05Z,@GufranSape-ug2gn,maa.. aku berantakan,24
2024-05-20T14:55:13Z,@SimutSimut-rn5tv,"Sudah berkali kali dan kupikir aku sudah terbiasa dengan perlakuannya , tapi aku tetap menangis bila hal berantakan itu trus kembali, bukan aku tidak bisa menghadapi tetapi karna orang tua sendiri yg melakukan nya hati tidak bisa di bohongi , sekuat apa pun aku bertahan bila orang tua yg melakukan nya, air mata akan trus menghampiri sesuka hati nya",0
2024-05-20T12:21:00Z,@periirawan3271,pulanglah yanto padaku,1
2024-05-19T10:40:07Z,@apriskawidiangela5135,"abis curhat sama mama cerita di perantauan, mama bilang &quot;kamu kalo cape di sana, pulang ke rumah juga gapapa, masih ada mama sama papa.&quot;",1
2024-05-18T12:49:11Z,@amelsayang2170,*kangen.,0
2024-05-18T07:09:55Z,@tesia8724,sering ngerasa pulang kerja rumah serasa asing kemana harus pulang,0
2024-05-18T06:36:58Z,@MarthaEdel-xb6ry,&quot;Ini gimana yah mau bunuh diri ap lanjutin ini terlalu susah tuhan kemana sihh akuuu butuh&quot;,0
2024-05-17T08:53:20Z,@ardyansyah1692,&quot;Ku kira cuma lagu!ternyata kisasku.ğŸ˜¢,0
2024-05-17T05:58:31Z,@wahyusigit,dan hari itu sudah datang<br>akhirnya aku kembali berdiri <br>sendiri tanpa mengenal <br>adanya cinta,0
2024-05-16T14:12:52Z,@QilaAlaqras,Temen:cari yang lain aja biar kamu gk gamon<br>Aku:gk bisa aku  udh nyaman sama dia kita pacaran hampir 2 thn,0
2024-05-16T05:11:05Z,@ITSNabila-e9l,Ku kira lagu ternyata kisah ku ğŸ˜¢ğŸ˜­ğŸ™ƒğŸ™‚hhm,0
2024-05-15T04:49:11Z,@OkitaAlvin,hal yg selama ini aku takutkan adalah perceraian dan perselingkuhan,0
2024-05-14T08:45:41Z,@adibisyraf3932,sedih sma dapat mumtaz,0
2024-05-14T04:29:29Z,@FransiskaLustiyawati,Maaa....aku berantakan,0
2024-05-13T11:48:15Z,@galuhjihan,"pengen senyum,dan keceriaan ku yang dulu",0
2024-05-12T23:42:59Z,@sweetcandy9295,"dewasa tanpa peran ayah, ternyata seberat itu?",0
2024-05-12T15:15:25Z,@sucirahmadani6102,boleh ga si bilang &quot;garaÂ² mama aku Kya gini!&quot; ? tpi aku juga rindu dan syg mamağŸ˜,0
2024-05-12T13:33:03Z,@Zalfa12317,Ibuu ayahh jangan trus menanyakan harus memilih siapa aku capek mending kalian aja yg ikut akuuğŸ˜Š,0
2024-05-12T12:48:11Z,@Khansa-ct2hq,"Sempat mikir mau mati atau hidup aja , tapi klo mati nanti kasihan sama keluarga tapi klo hidup juga di buat trauma sama keluarga aku harus gimana dong?",5
2024-05-12T12:08:55Z,@eda-hc9zc,bersandar pada manusia itu menyakitkan. <br><br>hanya kepada-Nya lah pulang yang menyembuhkan,8
2024-05-12T05:33:16Z,@AuliaRizkylubis,Penghibur jugaa butuhh diii hiburr,0
2024-05-11T16:18:27Z,@AzizMaulana-sz7fb,Sesakit itu kahğŸ˜Š,0
2024-05-10T15:25:05Z,@lolly.nath.chenel773,Pernah merasa sendiri di dunia setelah kehilangan peran sosok orang tua? Dimana mereka ada namun sudah asik dengan keluarga masing-masing yang dimana kita merasa asing di antara mereka? Apakah aku bisa merasakan kehangatan lagi di hidupku? Atau bahkan aku akan menderita menyaksikan kebahagiaan orang lain di setiap perayaan yang tidak lagi bisa aku dapatkan? Semua ini membuat diriku menjadi karakter yang sangat buruk sehingga tidak ada orang yang mampu hidup bersamakuğŸ˜¢,0
2024-05-10T11:58:20Z,@QimTasya,&quot;Jadi anak broken home itu gak enak&quot;,1
2024-05-10T02:06:15Z,@MyChanel-11222,Aku tidak kecewa namun kekecewaan itu kluar dari ulahku sndiriğŸ™‚<br>Tidak ada yang bisa mengerti aku tetapi aku harus mengerti merekağŸ™‚ knpa dunia aku seperti ini aku juga ingin seperti mereka yang bahagia setiap hari nya ğŸ™‚,9
2024-05-09T12:45:05Z,@MuhdArryan,dipaksa dewasa dengan keadaan itu ga enak.,0
2024-05-09T11:47:56Z,@Mhzzll,&quot;Sakit sama gak sakit kok sama nyusahin&quot; Kata dari satu keluarga yang membuat diri sndri jdi g mau repotin dan milih apaÂ² pendem sndri,1
2024-05-09T01:48:08Z,@RisdaWindari,terlalu banyak luka,0
2024-05-08T03:20:50Z,@dinarpraswanto,"Persetan dengan kesedihan,semua ku terjang sendiri...",2
2024-05-07T13:10:21Z,@althafaidan6320,Kenapa jadi begini?.,0
2024-05-07T05:00:56Z,@wzyzzzzjjsss,aku cape:),1
2024-05-06T03:25:08Z,@tiaramadani2328,napa pada galaw daa santaii kaliii wkwkwk,0
2024-05-06T03:05:28Z,@MaritaSetianingrum,Maaa aku berantakan ğŸ˜­,0
2024-05-04T10:31:51Z,@junaenah6987,pendengar juga butuh didengar.,10
2024-05-04T06:53:56Z,@didikbromomountain3790,"gak semua orng yang mendengear tidak ingin didengar<br>gak semua orng yang terseyum itu baik baik saja<br>gak semua orng yang selalu mengiyakan itu benar<br>kalo boleh, aku ingin menjadi orng yang di menengerti juga",1
2024-05-02T18:01:01Z,@sitinefianursipa356,maaa.....takutt dewasa,2
2024-05-02T09:52:41Z,@LulaAmalia-e6d,Mahh aku berantakan...,1
2024-05-01T12:48:20Z,@NurSyakina-my3eg,"Sulit di cerita kan, cukup di jalani dan di nikmati saja prosesnyağŸ˜Š",0
2024-05-01T09:23:55Z,@michaelhtgalung7114,16 menit coy,0
2024-05-01T02:27:12Z,@halodwi,"ayah, mereka menyakitiku.",3
2024-04-30T07:14:30Z,@YoonaIsHere,Di buat trauma sama keluarga sendiri gak enak,1284
2024-05-09T03:53:50Z,@suriyani0691,Bener aku juga,27
2024-05-12T04:47:30Z,@elidamayantiajah9803,sama ka,17
2024-05-12T23:01:37Z,@Suneo-h8w,Kamu gak sendiri kakğŸ˜Š,10
2024-05-13T10:07:35Z,@PutriPutri-lf3vg,SamaağŸ˜¢ğŸ˜¢ğŸ˜¢ğŸ˜¢,5
2024-05-13T12:28:59Z,@rintoedi1800,sama,2
2024-04-29T17:08:44Z,@Winzy_yons,"Terlalu banyak masalah ,ntah kpn episode bahagia akan datang aku selalu menantikan itu tibağŸ˜Œ",0
2024-04-29T06:29:45Z,@01ooopeace,mama aku berantakan,1
2024-04-29T04:09:46Z,@bazboonlah4894,aku rindu dia ğŸ’”,0
2024-04-29T01:46:02Z,@febrykurniawan764,"Katanya rumah tempat untuk pulang, tempat untuk berkeluh-kesah faktanya rumah tempat pertama kali mental di hancurkan secara perlahan di baluti dengan kata sayang",2
2024-04-29T01:18:24Z,@indriyani3444,apa mgkin bisa yg pergi akan kembali pulang ğŸ¥ºğŸ¥º disisi lain sudah ad yang mengisi kekosongan ğŸ˜”,0
2024-04-27T14:59:29Z,@nyanpasuu6747,Mau pulang tapi udh dirumah...,2
2024-04-27T11:02:07Z,@Chanel2020-e4f,lagi nya bikin Tenangâ¤,0
2024-04-27T05:12:01Z,@sofyanmdr4672,sudah kecewa dalam jalan pulang,0
2024-04-27T04:36:05Z,@sofyanmdr4672,dulu ada yg ku sebut rumah,0
2024-04-26T17:16:39Z,@QILA438,.....sniii looo masalah maju anj gw afk,0
2024-04-25T14:56:32Z,@adriansaputra8747,"Teruntuk temanÂ² semua jangan sering ngeluh ,karna itu/inilahğŸ˜Šayo kuatkan mental kalian , dunia yg kalian impikan dari kecil baru saja dimulai ,ingat klian waktu masih kecil ,pasti punya cita-cita yg hebatkan ,dan ..ayo gapai itu ,jgn takut/gengsi akan semua hal ,asalkan hal itu berbaul hal negatif,coba kalian liat orang tua kalian,liat...liat dia .semakin menua kan ,kalian gamau kan di waktu mereka tua ,mereka masih banting tulang untuk nafkahin kalian ..coba renungkan temanÂ²dan bagi temanÂ² yg udah di tinggal kan orangtuanya ,jgn gampang menyerah ya ,kamu itu kuat .buktinya kamu masi bisa melihat hari demi hari ,jgn bersedih , Alfatihah buat mereka disana ,dan intinya bikin orangtua kalian bangga ...ğŸ˜Š",82
2024-08-17T03:28:28Z,@RaysyaFitri,Terima kasih buat supportnya kak. Kakak juga terus kuat ya ğŸ˜Š,0
2024-04-25T01:37:45Z,@AbduRahman-hs5bz,p,1
2024-04-24T12:59:10Z,@ThalitaRamadhania,&quot;Dwasa membuat kita sadar akan hal - hal konyol yang kita lakukan di masa kecil itu...  &quot;,0
2024-04-24T12:02:42Z,@EkaWahyunisari-ji9vh,mewakili banget,0
2024-04-23T15:08:49Z,@everywhere-pg3qi,"Ma, aku belum sempat luapkan semua ceritaku padamu. Tapi kau sudah meninggalkanku duluan",9
2024-05-02T12:11:05Z,@sandibejo9223,Semangat ya kak,1
2024-04-23T12:40:31Z,@MaharaniCempaka,Kakek dunia ku hancur sejak tidak ada dirimu.,2
2024-04-22T14:58:39Z,@MuhammadazisrezaAzisreza,P,0
2024-04-22T10:19:46Z,@adhitazaki9895,Dewasa dari umur yg muda ... Menjadi sosok kakak yg menggantikan peran orang tua ... Menjadi ibu yg harus mendidik tanpa orang tua tau rasanya spt apa ..dan disaat sosok ibu pergi untuk selamanya hidup ku semakin berantakan ...,1
2024-04-22T08:19:23Z,@NanaLutfiana-fk5ij,ternyata aku tak sekuat yang ku kira,0
2024-04-22T03:49:59Z,@Juliyanaaa,"Proses pendewasaan mengajar kan ku byakk pelajaran yg dluar perkiraan ku dulu,tidak ad di fikiran dulu akan sampai di titik ini,diri sendiri yg sangatt melelahkan",0
2024-04-22T03:01:59Z,@arfahfauziah7480,kalo ditinggal mati sama cowo yang selalu ada buat kita nyembuhin nya gimna yaaa,1
2024-04-21T13:27:51Z,@Yaya-Hinanchi..,Maa.... aku berantakan.,166
2024-05-03T14:43:40Z,@tytanzx3906,Keputusan yg sudah kamu ambil adalah takdir mu sendiri,5
2024-05-06T07:04:09Z,@Nakanomiku491,â€‹@@tytanzx3906 Makasih bg dah ngingetin,0
2024-05-26T10:58:08Z,@sholehatulhasanah6375,Kak aku udah kehilangan ibu <br>Semenjak ibu pergi hidup aku bener2 berantakan dalam hal apapunğŸ¥¹ğŸ¥¹ğŸ¥¹,1
2024-06-11T15:59:24Z,@waseke_,Kakk???samaağŸ¥º,1
2024-08-08T11:17:44Z,@janufitriyani,â€‹@@sholehatulhasanah6375 kakk kita sama,0
2024-04-21T06:29:30Z,@hubiepwettysyaa,"&quot; kesana kemari tanpa arah, serta ratusan makian.. &quot;",1
2024-04-21T05:18:11Z,@OppoA57-my3fy,gaada yang memeluk semuanya memukul,2
2024-04-19T18:29:01Z,@frandieochi1585,Uang,0
2024-04-19T05:13:36Z,@reebonvlog3164,Bukan takut kecewa tapi takut mengecewakan,14
2024-04-18T03:10:29Z,@RianAditia-u8w,"penampilan itu yang bikin menatap, isi kepala sama isi hati yang bikin menetap",0
2024-04-15T11:04:01Z,@NovitaCitra-em5hp,capeeeeeeeeeeeeeeeeeeeeeeeeeeeeeeeeeeeeeeeeeeee,1
2024-04-13T18:55:59Z,@lintangdhanuartasamas3712,"sudah 12 tahun Alm. bapak pergi ke surga, ngga tau bakal jadi apa hidup ini kalo mama juga pergi ke surga nanti, sehat sehat terus ya ma. aku sayang banget sama mamağŸŒ¹",13
2024-04-18T13:19:32Z,@nabilprimazachary4304,yang kuat ya sayangggg,0
2024-04-12T11:39:05Z,@elialinda6706,"apa anak beban bagi orang tuanya??, jika YA kenapa di lahirkan dan di inginkan.",2
2024-04-12T10:13:40Z,@hafizdgiebeughafizdas-sidi2539,sehat sehat manusia kuat!!!!,3
2024-04-11T16:55:34Z,@najwaazri3361,hi..yaa kamu..hi..gimana harinya? masih sama kayak semalam?..semalam kamu dengar lagu ini juga kan?.harini masih putar lagu yang sama?.yaa ngga papa.ambil seberapa masa yang kamu mau untuk mengahapus sedihmu..kamu kan kuat..Jangan tinggal solat yaaaaa.^-^,39
2024-04-21T06:29:46Z,@hubiepwettysyaa,ğŸ¥¹ğŸ¥¹ğŸ¥¹,0
2024-04-10T11:33:05Z,@AnggyejeremiaSihombing-kr4km,"bingung mau pulang kemana, akhir nya mampir kesini untuk pulang",0
2024-04-10T08:23:10Z,@imanfaris6675,TERKADANG KITA PUN TIDAK SEDAR YANG KITA SUDAH DEWASA,3
2024-04-09T08:34:57Z,@ramadhini937,"ku kira menjadi dewasa mudah seperti yang ku bayangkan saat kecil, ternyata begitu panjang proses nya. Sabar wahai diri mari melangkah bersama..",55
2024-04-08T14:56:11Z,@alsportstore_,"Ayahku pergi tanpa pamit, baru tersadae bahwa waktu itu adalah interaksi terakhir kalinya beraama beliauğŸ˜¢",5
2024-04-08T12:50:38Z,@steflintgabreillo3698,"Terkadang kita tau kalau kita di manfaatkan, tetapi kita hanya orang baik yang senang berbuat kebaikanâœ¨ï¸",6
2024-04-08T01:50:36Z,@ekawahyusyahfitri,"kita adalah manusia biasa, kita semua merasakan lelah, kita juga merasakan tangis yang sama, setiap orang memiliki ujian masing-masing. jadi istirahatlah, kalau ingin nyerah ingat kita semua uda sejauh ini, inget Allah selalu, i know u can do it",4
2024-04-07T08:34:11Z,@mark-x8r9f,pengen dia balik..,0
2024-04-07T04:01:47Z,@ivanich2170,"Bergerak belum tentu berhasil, diam sudah dipastikan gagal...<br><br>Apapun yang kamu jalani saat ini syukuri karena mungkin banyak orang lain yang ingin ada di posisi mu saat ini.",1
2024-04-07T00:06:01Z,@ivnykalumata2995,ğŸ¥ºğŸ’,0
2024-04-06T05:59:49Z,@zaidan_yahya11,Ternyata aku pemeran antgonisnya,3
2024-04-05T23:51:12Z,@Dewimaharani-le8wu,"Mama ak kgen mamaa,, mama pulang tanpa pamit am uwiiğŸ˜ŠğŸ˜Š",2
2024-04-05T09:25:33Z,@_vairemey,"Bukan senang nak jadi peran sebagai seorang ayah, walaupun dia tidak menunjukkan perasaan sebenarnya namun anakmu ini sangat memahami situasi mu ayah, aku juga faham masalah ekonomi Kita sekarang, aku pun Tak tahu kat Mana nak luahkan nak tegur ayah pun Tak kesampaian, maafkan anak mu ini yang Tak boleh berbuat apa Dan hanya dapat mendoakan yang terbaik buat mu ayah &quot;)",23
2024-04-13T09:14:19Z,@oaseimmanuelo773,i feel u ğŸ¤,0
2024-04-04T13:43:11Z,@PingPong-tk7kd,Pendengar juga butuh didengar.,235
2024-04-12T08:12:44Z,@risyusof1052,iya,3
2024-04-28T02:41:21Z,@aisyahrahmaa-gp2fu,frâ˜¹â˜¹â˜¹,1
2024-06-03T12:35:15Z,@SriLestari-pt8dl,Pengen di dengar.,0
2024-06-18T02:58:40Z,@rohmatratu9280,Iya samağŸ˜¢,0
2024-07-12T14:25:53Z,@sandysunday5354,broo :&#39;),0
2024-04-03T20:32:39Z,@Maroom62fury,Emang siapa yang peduli ama gw,0
2024-04-03T08:20:57Z,@opposkdhitam9566,Bersama mu memang menyakitkan tapi melepaskan mu aku tak mampu ğŸ˜¢,0
2024-04-03T02:23:53Z,@hrytiyy_yy,Intinya hargai selagi ada...,38
2024-04-01T06:45:30Z,@hidayantinur1829,aku harus pulang kemana?<br>rumahku berantakan <br><br>- mataram 1 april 2024,1
2024-04-23T17:18:09Z,@azzamtawakkal,sampe sini bang,0
2024-03-30T11:30:39Z,@annietaineh8426,aku kangen waktu kecilğŸ˜Š,2
2024-03-29T10:35:34Z,@user-nn5ss2ps2b,Ù©(à¹‘ËƒÌê‡´Ë‚Ì€à¹‘)Û¶á´³á´³,0
2024-03-26T13:21:31Z,@shillaekamurti3974,"part tersedih dihidup ketika aku sadar bahwa aku hanya punya sedikit orang yang sayang sama aku, aku juga sering dijadikan pilihan kedua, aku juga tak pernah mengisi kehidupan terpenting dan terindah seseorang. aku hanya punya ku sendiri, aku menopang semua sendiri, aku yang sering mengalah untuk orang orang yang aku sayangg tapi aku tak pernah mendapatkan timbal balik yang sama, kdng aku belajar untuk tak memperdulikan orang orang disekitarku tapi malah aku dianggap jahat akan hal itu, kdng aku bingung harus jadi manusia sebaik apa agar aku dapat mendapatkan kasih sayang yang aku mau?? tuhan aku hanya punya diriku untuk menyayangi diriku sendiri, tolong berikan rasa ikhlas untuk orang&quot; yang terlah menyakiti, berikan kekuatan untuk menghadapi semua hall didunia ini sendirian",801
2024-04-23T14:23:01Z,@rianwarduna3487,Kamu hebat..ketika di luar tda mengagapmu ada..kamu kembali kedlm dirimu dan itu luar biasa...,14
2024-04-26T11:33:32Z,@sweetyashhh,"kakk semangat ya, peluk jauhh",9
2024-04-28T07:35:48Z,@ibook5320,hi..im here...ğŸ™‹,3
2024-04-29T14:53:34Z,@nadyamirasanti,semangattt kak! don&#39;t give up ya!,2
2024-04-29T18:26:47Z,@firnaagustina-qd6ml,terimakasih sudah membantu menggambarkan hidupku kak.,6
2024-03-25T01:43:48Z,@Gamestactic,kembali pulang ~,0
2024-03-24T01:16:00Z,@muhammadbagasd.s3517,Semakin dewasa yang dibutuhkan ketengan bukan kesenangan ğŸ˜…,2
2024-03-24T00:54:14Z,@gentng,"Terimakasih cintaku kita sudah jauh menjalani hidup bersama sejauh ini kami sudah saling mengerti , suka dan duka yang kita lalui semoga bila ada badai yg menghalang kita bisa lalaui bersama dalam Cinta",0
2024-03-22T21:23:57Z,@selpiislebeww,"iya, aku memang kalah dalam semua hal.",1
2024-03-22T07:27:34Z,@zyh-y4g,aku harap di hari ultah ku itu adalah hari terakhir aku hidup...,0
2024-03-20T09:35:22Z,@BellaGustina-ns7kw,"Kepulangan mu,adalah hal yang<br>Bisa menyembuhkan aku,dari rasa Trauma,sakit,luka yang ada di dalam hidup ku.<br>Setelah engkau pergi,ak tidak pernah merasakan ketenangan.",16
2024-03-17T17:45:15Z,@MonaNatunisa,"Pah<br>Papa lupa ya kalo aku masih ada?<br>Yg pergi cuma mama pa, aku masih di sini tapi papa seakan lupa bahwa aku masih anak papa.<br>Apakah seasik itu hidup bersama mereka sampai lupa dgn gadis kecil yg dulu sangat papa manja ini?<br>Tanpa mama berat pa, tambah berat lagi karena kehilangan peranmu",6
2024-03-14T17:21:07Z,@teorirungkat3930,almaaa kangennnnnnnnnnnnnn,0
2024-03-14T05:55:19Z,@Dizz_0917,"<a href=""https://www.youtube.com/watch?v=qwWfBoteiy8&amp;t=1"">0:01</a>   = KEMBALI PULANG <br><a href=""https://www.youtube.com/watch?v=qwWfBoteiy8&amp;t=208"">3:28</a>   = TAKUT<br><a href=""https://www.youtube.com/watch?v=qwWfBoteiy8&amp;t=525"">8:45</a>   = JIWA YANG BERSEDIH<br><a href=""https://www.youtube.com/watch?v=qwWfBoteiy8&amp;t=795"">13:15</a>  =  TAK LAGI SAMA",7
2024-03-14T05:49:28Z,@Dizz_0917,"<a href=""https://www.youtube.com/watch?v=qwWfBoteiy8&amp;t=1"">0:01</a> = kembali pulang",5
2024-08-17T18:40:09Z,@RafKa-qt1by,Mana,0
2024-03-14T05:47:58Z,@Dizz_0917,0.01,0
2024-03-14T05:47:44Z,@Dizz_0917,00.00,0
2024-03-12T10:21:10Z,@alina_trin,mw alan balik pliss :(,0
2024-03-08T14:53:02Z,@OlipiaWulandari,Episode sedihny masi panjang y?<br>Bole di pendekin? Uda cape nangis tiap malemğŸ˜€,0
2024-03-08T12:11:10Z,@SellaAninda,aku lelah menunggu mu,2
2024-03-24T14:46:18Z,@KazV70,"Samaa:(( aku juga lagi nungguin dia kapan balikkk. Aku kangennn sama dia, dia pacar pertama kuuu, aku kangennn dia.",0
2024-03-07T11:45:14Z,@ArinNadjwashakira-ji8cn,"semua orang sedang berprosses, semuanya sama, istirahatlah bila lelah, tiada tempat bersandar lebih baik dari allah",337
2024-05-12T03:29:02Z,@schemaboy6116,makasih ya,4
2024-05-12T11:23:01Z,@mamaliaaa,kak ğŸ˜¢,4
2024-03-07T11:42:20Z,@ArinNadjwashakira-ji8cn,"lari tanpa petunjuk, semua berat di kepala,badan, semua berantakan isinya, tapi hidup akan terus selalu berjalan, walau rasanya meremat jiwa, kita hanyalah manusia yang sedang berusaha",17
2024-03-04T15:52:53Z,@isnaenipratiwi3612,"Ibu, pulang lalu dipeluk ibu. Itu cukup untuk memulihkan luka ğŸ¥¹",20
2024-09-20T12:43:28Z,@juariahjuariah2017,Tapi sekarang ibu udah nggak pernah peluk aku lagiğŸ˜…,1
2024-03-02T15:29:58Z,@mmbusu925,.,0
2024-03-01T11:23:51Z,@YannTod-r5j,why??,0
2024-02-28T11:24:29Z,@achmadmarwan2164,hampa banget nih hidup,0
2024-02-27T16:23:21Z,@zulfaemilda6486,"tuhan, aku ingin kembali ke pelukan mu, disini aku hanya jdi luka untuk semua orang yg aku temui tuhan, untuk orang2 yg aku lukaii maapin aku ya, tuhan aku ingin pulang, pulang kepelukan mu, jemput aku tuhan.",159
2024-05-19T15:59:36Z,@SelestinusRahuel,sehancur nya diri mu pasti akan ada di masanya kamu bahagia tunggu lah itu berjuang lah!!!,3
2024-05-25T03:58:45Z,@awawawa-hd5lk,â€‹@@SelestinusRahuelKapan ya kira2,1
2024-05-31T00:18:04Z,@prenajust,"kak, semangat yaa",0
2024-08-16T12:32:49Z,@imbaaaxixixi,"kak? peluk jauhhh, kamu ga sendri ko kakkk, kita pasti bisa!! semangat",1
2024-09-29T13:30:48Z,@rifkyadityo845,pengen matiii,0
2024-02-22T16:28:34Z,@Mister_xx10,Terlalu mubazir nyawa yang dikasih sama tuhan kalo cuma dipake buat ngeluh sama bersedih,5
2024-02-18T15:40:37Z,@wisnupranaa5830,awwwwwwwwwww,0
2024-02-15T02:35:34Z,@exball3723,bagus banget,0
2024-02-14T01:59:46Z,@LitaaaROR,"Gatau knp aku ngerasa hidup ini gaada warna,bosen,tapi ga pengen mati,gtau knpa kaya hampa bgt:;((",3
2024-02-05T15:41:59Z,@faqihok_,ini arah nya kemana ya?,0
2024-02-05T08:39:14Z,@RikaThok,"ayooo kuat bersama sama tubuhku dan jiwaku, kita sudah terlalu lelah untuk berperang dengan hal di dunia ini.... aku tau ini sulit, aku tau kalo ini melelahkan, aku tau kalo semua ini sangat menguras enerji<br>dan kadang hal hal ga penting pun aku tangisi, karna apa? karna sekarang jiwa mentalku sudah ga sekuat dulu<br>yaaaa bisa di bilang cengeng tapi jujur nglewatin hidup ini emng lelah bangt dan kalo ga nangis rasanya kaya ada yang kurang di dalam tubuh ini, walau melelahkan tapi aku akan tetap bertahan untuk diri sendiri<br>Iyaaaa ini semua untukmu, (diri sendiri) kamu hebatt girlsss<br>kuat kuatt yaaaa, tolong hidupp lebih lama lagi karna msi ada hal hal banyak yg belum pernah kmu rasainğŸ˜Š",44
2024-02-04T06:12:44Z,@Avika-wi1rt,"Kapn ku disayang?, kapan aku di hargai?, kapn aku di hormati?, kapan kapan aku udah capeğŸ˜",126
2024-02-14T11:19:33Z,@balqisputri-kw3gg,:(,3
2024-03-14T13:52:59Z,@anaaprinawati3874,"Semangat kak ğŸ”¥, kamu akan dihargai dan dicintai oleh org2 yang menyadari akan valuemu, yang penting tetap berbuat baik dan sayangi diri sendiri ğŸ˜Š",4
2024-02-03T16:35:48Z,@robot0481,Ternyata seberat iniğŸ˜ŠğŸ˜Š,0
2024-02-03T03:15:23Z,@ahmadsalahuddin9270,"solatlah, kau pasti kan didengar",345
2024-04-07T04:40:27Z,@MalikAlthaf-tg8be,lihat bagaimana kualitas sholat mu banyak doa tak kunjung di dengar perbaiki kualitas sholat mu,12
2024-05-18T13:46:39Z,@Sandra11-kr9pe,Good comen,2
2024-01-20T11:35:41Z,@AkifAkmal-xx7xt,"Aku terlalu takut utk jadi dewasa, sampai2 jika ad perubahan2 pd diriku yg sedang menuju ke arah dewasa, aku tidak mau mengakuinya...hahh jadi dewasa itu memenatkan...",2
2024-01-16T10:04:06Z,@SadnessKalx,senyuman di masa kecilku terlihat buruk tapi setidaknya senyuman itu tidak palsu,0
2024-01-15T14:12:02Z,@LinaMarlina-xn7wx,Its oke gppğŸ˜Š,0
2024-01-14T09:47:19Z,@dindaagatha100,"Lirik yg indah, nadanya indah juga",0
2024-01-11T22:39:25Z,@bmelati1602,"Misi..<br>Hai temen-temen pembaca komentar..<br>aku Mel, aku buka jasa baca karakter dari wajah atau suara, gak hanya itu, aku juga membuka ruang buat temen-temen yg berniat order tapi hanya ingin didengar dan butuh tempat berkeluh kesah, privasi dijamin aman..<br>Biasanya jasa ini dikenal dengan Face Reading, berbeda dengan Tarot yg meramal, aku bicara soal fakta bagaimana kepribadian seseorang jika dilihat dari segi muka, seperti bentuk wajah, ukuran mata, bentuk bibir, bentuk alis, posisi alis, dan berbagai macam lainnya sesuai dari fisik kamu, <br>Untuk suara aku bisa menganalisis dari frekuensi dasar suara, timbre, kekerasan suara, dan kecepatan suaramu saat bicara biasanya, dll yg berhubungan dengan suaramu..<br><br>Jasa baca karakter dari wajah atau suara bisa digunakan buat berbagai tujuan, seperti:<br>â€¢ Seleksi karyawan (Perusahaan dapat menggunakan jasa ini untuk menilai kepribadian calon karyawan sebelum merekrut mereka) biasanya HRD punya kemampuan ini untuk membaca calon karyawan mereka.<br>â€¢ Penilaian kinerja (Manajer juga biasanya punya kemampuan membaca karakter atau bisa saja memakai jasa ini untuk menilai kinerja karyawan dan memberikan umpan balik yang lebih akurat) <br>â€¢ Pengembangan diri: Setiap orang dapat menggunakan jasa ini untuk memahami diri mereka sendiri dan mengembangkan potensi diri.<br><br>Kemampuan ini dapat digunakan untuk menentukan berbagai sifat kepribadian, seperti:<br>â€¢ Kepribadian dasar:<br>    * Ekstrovert vs. Introvert<br>    * Sensing vs. Intuisi<br>    * Thinking vs. Feeling<br>    * Judging vs. Perceiving<br>â€¢ Sifat-sifat kepribadian:<br>    * Kepercayaan diri<br>    * Otonomi<br>    * Kecerdasan sosial<br>    * Empati<br>Dan lain sebagainya yg berhubungan dengan   hal-hal terkait dengan kehidupan manusia..<br>Tanya-tanya atau minat dan pengen lihat testi client aku, bisa cek atau DM di Instagram @bmelati1602 <br>atau bales komen aku, terimakasihğŸ™Œ",1
2024-01-11T07:06:47Z,@valltempest6719,Terkadang manusia itu Aya nu legeg tapi Mun diadu mah hayu,0
2024-01-11T05:43:15Z,@lalalaalalaaalalaala,"Aku tau aku jelek, gk pintar, cengeng but.. I wanna be like you ğŸ˜•. I know I don&#39;t like&#39;s you but.. I think.... ğŸ˜• ak sdh berusaha untuk berubah, tp itu terlambat, it&#39;s okay ğŸ¥²ğŸ˜Š, ak gk menyerah ğŸ¥¹ğŸ« ğŸ«¥",0
2024-01-07T13:13:54Z,@Dellaputrindahsari,aku gak mau kembali kemasa kecil dan gak mau dewasa juga.,0
2024-01-02T09:43:47Z,@UkhtiKhatijah,Sumpah ny gw takut masa depan yg menyakitkan,0
2024-01-02T09:41:46Z,@UkhtiKhatijah,Kembali masa lalu yang sangat indah ada selera sesuatu yang dibanggakan,4
2023-12-27T07:24:39Z,@Rorizu_fishing,Kembalilah kerumah yang membuat mu nyaman ğŸ«¶,0
2023-12-26T23:45:01Z,@sultanrelaxingsound,asik,0
2023-12-26T03:00:00Z,@jenii6776,Dulu waktu kecil aku tanya orang tua &quot;gimana si rasanya jadi dewasa&quot; orang tua said: nanti juga kamu ngerasain sendiri. Ouh ternyata rasanya gini yağŸ˜Š,12
2023-12-21T23:23:04Z,@stml0194,"Kenapa aku tidak seberuntung mereka Tuhan? beruntung dalam hal keluarga, beruntung dalam pertemanan, beruntung dalam pekerjaan, beruntung dalam percintaan, kenapa mereka selalu beruntung dalam kehidupannya sedangkan aku tidak kenapa Tuhan? <br><br>Lelah jiga terus dipaksa untuk pura pura baik baik saja, padahal batin ini sudah lelah dan ingin pulang...<br><br>Terbesit di pikiran ini untuk mengakhiri hidup tapi takut Tuhan marah...seandainya saja Bundir itu tidak dosa mungkin aku sudah melakukannya sejak saat itu...",149
2024-02-09T11:29:19Z,@arminalang6481,kamu kuat syg ğŸ™ƒğŸ¥°,1
2024-02-22T16:37:11Z,@Mister_xx10,"ayo semangat jgn sia-sia in nyawa yg tuhan kasih, terlalu mubazir kalo itu dipake hanya untuk mengeluh dan bersedih ğŸ˜Š",3
2024-03-05T13:27:41Z,@aprianitaayu,"Smgat <a href=""http://yuk.km/"">yuk.km</a> g sndri.ak jg pernah ad diposisimu Alhamdulillah ak bs kuat Smp Hri ini.ğŸ˜Š",2
2024-03-14T13:47:57Z,@anaaprinawati3874,"Kamu tidak sendiri, Semangat,, tuhan tau kamu lebih kuat dr apa yang kamu pikirkan, â¤ï¸",1
2024-04-09T12:13:19Z,@Rik823,"Kamu tau mengapa Tuhan memberikan ujian seperti ini kepadamu,karena Tuhan tau kamu itu orang yang sangat hebat dan kuat buktinya kamu bisa sampai di titik ini,jadi tetap semangat okayy ğŸ˜‰ğŸ˜Š",2
2023-12-21T08:05:31Z,@RosikahSubhafeha,&quot; dulu aku ingin cepat dewasa sekarang aku ingin kembali ke masa kecil senyum di masa kecil itu tidak palsu &quot;,932
2024-07-19T14:23:48Z,@konichiwa6411,Frâ˜º,3
2024-07-24T14:08:55Z,@winanursita504,Bnr bangett ğŸ˜¢ğŸ˜¢,5
2024-08-16T00:56:27Z,@NailiMurtafiah135,ğŸ˜¥,0
2024-08-30T09:59:46Z,@meutiaadriyani471,betul 100%,0
2024-09-10T11:58:26Z,@melkids3661,Fix ini adalah desus kata hatiku di usia 30th ini ...knp semuanya Allah berikan tp semua yg kusayang Allah Ambil..,0
2023-12-20T16:10:49Z,@anggiangraini4372,aku kecewaa,0
2023-12-17T20:28:03Z,@Laserbiru,Kak izin reupload suara bagsounnya boleh nggk,0
2023-12-16T09:09:25Z,@AnasMaulana-lq8oy,Bila di ingat betapa nyamannya aku waktu kecil dulu,16
2023-12-12T08:52:23Z,@putriaulia4443,"Dewasa,, bnyak sekali yg belum bisa tercapai, maafkn wahai diri",0
2023-12-10T10:28:20Z,@riskaaulia832,lagu kembali pulang nyentuh bgt mimpi ğŸ˜­,2
2023-12-05T08:02:07Z,@enchann,"lagu enchan feat sarah cindy yang judulnya F bang, tolong bikinin",0
2023-12-01T23:34:13Z,@ferylhendra5444,"Bekerja di suatu perusahaan selama 14th,ada sebuah fase dimana harus lepas,bekarya sendiri dan harus pulang ke rumahğŸ˜­",2
2023-11-26T03:51:29Z,@yukennn__,Rumah ku lagi roboh. Gaada yang mau bantu?,0
2023-11-30T16:05:33Z,@PecelLelemujahid-nb5zw,Bangun lagi kak tidak ada yang peduli kecuali diri kita sendiriğŸ˜‘,1
2023-11-30T16:05:45Z,@PecelLelemujahid-nb5zw,Bangun lagi kak tidak ada yang peduli kecuali diri kita sendiriğŸ˜‘,0
2023-11-26T03:36:25Z,@yukennn__,"Sejujurnya aku butuh pelukan, bukan cacian à²¥â _â à²¥",0
2023-11-23T00:34:42Z,@sucinirmala,semangattt,1
2023-11-22T08:54:53Z,@nikadekayunia8293,Dewasa itu bukan tentang umur yng bertambah melainkan tugas mnjadi dewasa ituu yng sulit,0
2023-11-17T05:56:45Z,@SyakilaAlipa-ub6yv,Emang boleh dewasa karena keadaan,1
2023-11-15T15:01:15Z,@mshaa.p460,istirahat lah sejenak jika kau lelah,0
2023-11-07T15:58:09Z,@triprasetyonugroho3338,"Hidup dgn kecemasan berlebihan, sungguh sangat melelahkan, keraguan itu muncul ketika sudah memutuskan untuk menjadi halal, Ya Allah jika memang dia tulus kuatkanlah ikatan rasa cinta ini, jika memang dia tidak benar tunjukkanlah yg sebenar2nya, tuntunlah hamba dlm mengambil keputusan...",34
2023-11-02T16:23:59Z,@indrachastika1507,momoknyoh,0
2023-11-01T23:54:28Z,@aleza_md,posisiku hancur skrng:),0
2023-11-01T10:44:18Z,@Biannnn-d6m,"Manusia itu unik, ada yang berbuat baik karena ketulusan, ada yang pura pura baik karena keperluan.",708
2024-03-30T03:53:56Z,@TantiTanti-fj6il,Yaa itu bener.,3
2024-06-30T11:14:05Z,@qasehhzlaikha.e,hm.,0
2024-06-30T11:43:18Z,@ajobuhun8245,kiw bang nama Ig nya apa?,0
2023-10-30T16:53:30Z,@Hi_Wan_,Tua itu pasti dewasa itu pilihan,1
2023-10-27T13:42:01Z,@yogarama7955,"Mbaa feby, pacarku pengen banget pulang ke rumahnya, tapi dia lagi sibuk-sibuknya, sibuk kerja, sibuk kuliah, sibuk penelitian, cape banget pasti jadi dia. Semoga tuhan selalu kuatin pundaknya yaa, supaya tetap bisa tegar dan terus semangat... sayang banget sama pacar akuu:)",0
2023-11-26T03:38:05Z,@yukennn__,Pasti cewe lu beruntung punya lu ğŸ˜…,0
2023-10-26T07:54:51Z,@nadiahnorfazly9747,izinkan download yaa ğŸ˜‡,2
2023-10-24T10:51:14Z,@NasxwaZahrotun,"Kenapa aku slalu gagal dlm pertemanan, keluarga, percintaan ,ga dihargain,layaknya seperti dibuang? semuanya aku slalu ngertiin mereka tapi mereka? pendengar juga butuh didengar",3
2023-11-30T15:54:10Z,@PecelLelemujahid-nb5zw,Yang sabar yaa. kakak orang hebat semangat yaa ğŸ˜™ğŸ˜™,0
2023-10-23T09:45:14Z,@aryantiiaryn_,aku masih nunggu kamu pulang..,1
2023-10-19T13:57:13Z,@akmalulhilmi1618,Ingat yah cantik main nya jangan lama2 jangan lupa kembali pulang yah cantik ğŸ¥º,2
2023-10-19T08:08:48Z,@IcaPermatasari-m6v,Hihihi capek bngetttğŸ˜¢,0
2023-10-18T14:18:01Z,@misakiai_3565,"Jadi dewasa itu saat sakit dan gaada siapa siapa di sisi kita, jauh dari orang tua, jauh dari rumah. Kek anjirr oh gini ya gaenak banget ngejalanin kehidupan, gaada yang peluk, ini kalo mati bakal ketauan berapa hari ya ğŸ¥² kek anjir nyesek banget wir",3
2023-10-17T15:26:34Z,@ibnusyakban7744,aku harus pulangâ€¦ tapi kemana?,25
2024-07-21T04:24:46Z,@Lulu-k1c,"Pulang ke org yang tepat, Jangan sampe Salah ambil jalan",0
2023-10-13T06:57:59Z,@Hanisafajriani,aku benci keadaan rumah,1
2023-10-09T13:42:11Z,@windaara-wj9re,Kecewa tak ada yang temani.Termakan oleh ekspetasi....,3
2023-10-04T06:28:46Z,@abdulazizmubarok5517,haleluya,0
2023-09-25T07:37:23Z,@arisaripin-eh7di,Pulang kmna?,1
2023-09-25T00:29:01Z,@OmChulo,Semakin dewasa<br>Yang di cari ketenangan.<br>Bukan kesenangan ğŸ¥€ğŸ¥±,83
2023-09-23T08:51:38Z,@yosidwiaprilian81,semakin dewasa semakin sedih karna hilangnya orang yg kita sayang,5
2023-09-19T03:16:27Z,@sirlymaidarosianaaaa21,"ini sangat keren<a href=""UCkszU2WH9gy1mb0dV-11UJg/G8AfY6yWGuKuhL0PlbiA2AE""></a>",1
2023-09-16T12:19:00Z,@citranazwa4973,Dewasa ga enak bngt yaa,2
2023-09-16T05:58:34Z,@mahdepopecial,ğŸ‰ğŸ‰ğŸ‰ğŸ‰ğŸ‰ğŸ‰,1
2023-09-14T13:15:30Z,@geryadrian404,Boleh libur dulu gak sih capek ğŸ˜©,1
2023-09-13T16:38:13Z,@DelviyaAmisha,"Dewasa byk takutnya ya, tp harus tetap berpikir positif aja pasti suatu saat bisa hidup dimimpi yg sudah diharapkan Aamiin.",11
2023-09-07T19:27:02Z,@syasha00,ğŸ˜Š,0
2023-09-07T10:43:47Z,@catluv_berrys,mau kembali pulang tapi mana mungkin mau keterima? kan beban org tua,1
2023-09-06T14:29:09Z,@n3xzo_nux,"Harusnya lurus eh malah belok.<br>Aku sdh tidak tau tempat pulangku dimana..<br>Cuma bisanya pasrahh?.,<br>Hehe,",0
2023-09-03T15:13:04Z,@novitazein-qe1so,buat alm. anita wahyuâ¤ rest in love my lovely sissy,0
2023-08-31T00:45:26Z,@muhrimodee3841,"&quot;Dewasa keren yahh !! ğŸ˜Š meskipun rumit banyak yg bisa kita ceritakan untuk masa depan, jangan takut untuk dewasa yah ..karna tampa kisah,  alur cirita masa dapan tidak tidak akan rampung untuk di jadikan sejarah, iya tau kok hehe .. memng berat apalagi di pertemukan dengan teka teki persoalan keluarga,kerabat dan cinta yang sampai sekarang otak tak mampu falidasikan semua itu cuman hanyak habis di inspirasi akan tetapi tdk ada eksekusi . hahaha kita sama  kok jangan kawatir . pernah dengar pepatah mengatan hidup yang di pertaruhkan tidak akan di menangkan ? yaah sy rasa itu bisa menjawab semua pertayaan yg tersimpah di memory nalar yg tak kunjung terpecahkan dulu . dan pada intinya akhir semua ini konsipirasi kehidupan hanya bisa kita aplikasikan di kata keiklasan kamu sudah siap mengikhlaskan dan saya pun begitu dan mari kita sama sama beranjak tua . SEMANGAT YAHH ğŸ’ª <a href=""http://www.youtube.com/results?search_query=%23_laode"">#_Laode</a>ğŸ˜Š",1
2023-08-30T11:19:49Z,@ARDYANSYAPUTRA-t2t,Bahkan keluarga sendiri belum tentu bisa jadi rumah,7
2023-08-30T03:34:22Z,@amandazahraherdinta7548,"dulu waktu kecil pengen banget cepat cepat ngerasain dewasa, skrg udah mau beranjak dewasa malah pengen jadi kyk anak kecil lagi, kukira menjadi dewasa itu enak yaa tp nyata nya menjadi dewasa itu kurang menyenangkanğŸ¥²",63
2023-08-28T13:17:49Z,@itsmenetizen5223,"Percayalah banyak cara ku lakukan untuk melupakan, tapi tidak ada satupun yang berhasil",0
2023-08-28T01:52:47Z,@StevaniOnimus,Izin reuplod,0
2023-08-27T16:44:23Z,@oktasilalahi7899,kerenn bangettttt!!!,1
2023-08-26T13:29:43Z,@nurfadillahgunawan6405,asa hampaaaa.. entah kemana harus pulang (?),1
2023-08-25T13:54:57Z,@mariohakim8484,Kopi Senja Maghrib,2
2023-08-25T02:45:04Z,@fitriyantiyunus1653,Kangenn mama papaâ¤â¤. Salam hangat dari aku di dps â˜º,1
2023-08-23T12:56:47Z,@MZ.DINO739,"jikalau mentapatknya hnya sebatas mimpi,maka saya siap untuk bermimpi slamanya.@dino sad",0
2023-08-23T07:35:51Z,@RafiSaepul,"<a href=""https://www.youtube.com/watch?v=qwWfBoteiy8&amp;t=203"">3:23</a>",1
2023-08-22T17:18:09Z,@ahmadjaelani4449,Cape dengan ke adaann lgi mondok capeee,1
2023-08-22T15:40:24Z,@guusss98,.,0
2023-08-19T11:02:25Z,@Clara_crui1244,"Banyak kenangan masa lalu, dunia sudah berbeda,  teman sejati tidak ada lagi apa lagi orang tua",3
2023-08-17T13:55:40Z,@afifachan5342,Capek,1
2023-08-17T07:22:17Z,@AlvinoArfa-n9c,dancow bohong nyatanya tubuh menjadi dewasa itu tidak menyenangkann,2
2023-08-17T06:40:12Z,@salahudin_pkm,Kuatkan aku ya Allah,11
2023-08-17T02:50:52Z,@djokdeka9341,hmm,0
2024-03-27T20:50:38Z,@djokdeka9341,7 bulan yang lalu,0
2024-05-24T18:27:01Z,@djokdeka9341,7,0
2023-08-16T13:38:32Z,@bennyakbar8328,.,0
2023-08-15T13:49:17Z,@sayasiapa649,ANAK ANAK WHV YOO KEMBALI PULANG,1
2023-08-15T02:46:44Z,@atmawijaya06,Oh jadi begini ya menjadi dewasa heğŸ˜….,1
2023-08-10T15:22:52Z,@AfandiMM1,ntaps,0
2023-08-06T12:47:34Z,@zhazyah5557,"Thank you for Allah, who is very good, strengthen this heart and give a heart and a sense of patience as wide as possible, be sincere, accept all curses from parents and those closest to you, give a steadfast heart, heal the wounds in this heart, sorry sometimes you still do sin, sorry, sometimes I still like to complain, I hope I will be given a good partner, a good new family will be given a partner who can take care of my speech and behavior and keep the eyes of women, insyahallahğŸ«‚",22
2023-08-06T03:48:55Z,@aafterrainn,ingin pulang tapi tidak punya rumah untuk pulang,0
2023-08-05T14:56:31Z,@khaisarakhairol-fo9kg,"aq harap tuhan ambilah kembali jiwa ku,aq sungguh penat di dunia ni dan tidk lgi kuat:(",53
2024-04-28T07:39:57Z,@ibook5320,ad ap ka..sni cerita,0
2023-08-04T04:41:58Z,@05.anysanurcintia23,settt lagi gesss :(,1
2023-08-03T14:18:09Z,@welcomethebucad7985,"Bahagia tidak hanya dengan dia ğŸ˜¢ <a href=""https://www.youtube.com/watch?v=qwWfBoteiy8&amp;t=130"">2:10</a>",2
2023-08-03T14:16:02Z,@welcomethebucad7985,Login emel bang gw core,1
2023-08-05T10:20:54Z,@Nitaa05,Go ;),0
2023-08-03T05:00:07Z,@pebrinanda4036,*dewasa bukanlah sebuah hal yang untuk ditakuti&#39; Sehingga Mereka lebih memilih berdiam diri dari pada memulai Hal yang mereka inginkan untuk masa depan!,5
2023-08-02T09:50:57Z,@febriantama-f8t,CapeğŸ˜¢,0
2023-07-31T14:35:38Z,@ankerstore7650,"<a href=""UCkszU2WH9gy1mb0dV-11UJg/KsIfY6LzFoLM6AKanYDQAg""></a><a href=""UCkszU2WH9gy1mb0dV-11UJg/CIW60IPp_dYCFcuqTgodEu4IlQ""></a>â˜ºğŸ˜ŠğŸ˜ŠğŸ˜ŠğŸ˜ŠğŸ˜ŠğŸ˜ŠğŸ˜ŠğŸ˜ŠğŸ˜ŠğŸ˜Š",1
2023-07-31T14:35:49Z,@ankerstore7650,pepe,0
2023-07-29T15:53:10Z,@raikhatuljannah7599,Aku capek salah terusğŸ˜…,3
2023-07-29T06:21:42Z,@fahmirizky7782,oyy sakitt,0
2023-07-25T10:05:35Z,@fahmirizky7782,ğŸ˜£,0
2023-07-25T06:42:39Z,@calelinda_,Baru saja saya di sakitiğŸ˜Š,1
2023-07-24T12:35:03Z,@maymunah22,kembali pulang hanya untuk tidur  sejenak lalu bangun untuk bekerja,13
2024-04-25T05:42:26Z,@undownsite6036,menjadi dewasa ga seindah itu yaa... wkwk,0
2024-05-12T03:31:09Z,@schemaboy6116,semangat ya,0
2023-07-24T07:15:14Z,@deddypn9840,Boys don&#39;t cry,4
2023-07-23T18:45:14Z,@Mybfmrk,enak lagunya,0
2023-07-23T17:20:12Z,@icaloli,Hebat ya Dateng di mimpi,3
2023-07-23T15:51:56Z,@BayuSentanu-z8e,HEBAT YAH AKU HEHE 3X,1
2023-07-23T02:38:47Z,@riarestyyy1379,"Semangat kalian semua,masih ada masalah masalah yang lebih berat lagi di depan sana ğŸ˜‚dan masih ada kebahagiaan yang sangat indah juga di depan sanağŸ˜™",65
2023-07-23T01:32:02Z,@TikaFebiamanda,"Emg menjadi dewasa sesulit ini ya wkwkw, ternyata ekspetasi kecil ku tidak sesuai dengan yng ku ingin kan duluğŸ™†",6
2023-07-23T01:11:05Z,@mangetsu1216,"Healing terbaik adalah kembali pulang bertemu orang tua dan keluarga, meskipun di sana terasa hampa dan tanpa kehangatan sekalipun, tapi setidaknya mereka adalah orangÂ² yg menerima kehadiran kita tanpa penolakan, bahkan sebegitu buruk keadaan kita pun.<br>Dan kembali pulang yang terbaik adalah kembali kepadaNya, dengan berserah diri, dan hanya berharap kepadaNya, karena hanya DIA yang selalu bersama kita apapun yang terjadi, dimanapun, kapanpun, selama kita mengingatNya. ğŸƒ",290
2023-07-23T02:36:10Z,@riarestyyy1379,Opsi pertama kurang setujuğŸ™ƒ,5
2023-07-23T02:47:44Z,@mangetsu1216,"@@riarestyyy1379 terimakasih atas tanggapannya Kak,<br>Karena setiap orang memiliki kisah hidup yg berbeda-beda, semoga masingÂ² dari kita bisa menerima dan  tetap kuat serta terus berjalan ke depan. ğŸ™ğŸ˜Š",4
2023-12-04T09:40:00Z,@almirafarenza,"bner, orang tua adalah rumah ternyaman :(",1
2024-01-31T07:15:24Z,@helmakomala4039,Benar kaka setuju,0
2024-02-14T11:18:43Z,@balqisputri-kw3gg,real,0
2023-07-23T01:06:25Z,@mersimersi6252,Bapak ku egois hhh,3
2023-07-23T02:39:39Z,@riarestyyy1379,Ahahah semangat kita samağŸ¤—,0
2023-07-31T14:59:59Z,@nadagreciatambun2007,"Ku kira aku sendiri, ternyata tidak heheheh",1
2023-07-22T20:56:19Z,@ivangunawan8003,â˜ºâ˜º,0
2023-07-22T14:33:51Z,@Denden-sw7uq,"Aku percaya kok,kamu dan kita pasti bisa lewati semuanya. Sabar adalah buah dari kekuatan jarak jauh. Kita sama sama udah tua. Bukan berarti takut.... Semua takut dengan masa depan. Bukan berarti harus berhenti di satu hari. Cukup kesusahan hari ini. Masih panjang hari esok.",46
2023-07-22T14:29:24Z,@Denden-sw7uq,"Don&#39;t worry, if you believe in your power. Tidak ada yang namanya dewasa selain bertahan dalam segala keadaan.",14
2023-12-27T00:35:04Z,@kamalludin2241,2,0
2023-07-22T09:31:43Z,@vinalufiana8782,"Aku seorang pejuang sana sini tuntutan, semangat ya diriku hidup cuma sekali jangan menyerah, apalagi putus asa. Untuk kalian tetap bertahan untuk hal yang masih bisa diperjuangkan",42
2023-07-22T00:24:32Z,@jakiprstv,"[21/7 7.58 PM] Nikenn: Kmu klo maafin 1 org smpe 273.75 kli cuma krna kesalahan yg diulang ulang cpek ga sieeeehhhh<br>[21/7 7.59 PM] ,: gaush di tanya<br>[21/7 8.00 PM] ,: bgt bgt bgt.",2
2023-07-22T00:22:25Z,@jakiprstv,"&quot;cape aja di katakatain mulu sama temen sekolah semdkrk,di jauhin temen,kalo jdi aku kalian juga cape ga sih?pasti cape bgt sih..&quot;",5
2023-07-23T14:14:20Z,@sha_6513,"Ayolah, mereka itu cuman sampah, sampah yang bisa bicara, diemin aja, oh iya, lebih baik lo dijauhin daripada punya temen yang baik didepan kalo dibelakang ngomong kita, iya ngga?, semangat aja si, lu keren udah bertahan selama iniğŸ‘",0
2023-08-11T07:22:29Z,@rimaanggina9898,"â€‹@@sha_6513mksiiii, ngebaca komen lu, gua makin brani buat ngehadapin hari2 esokğŸ˜Š",0
2023-08-22T17:21:43Z,@ahmadjaelani4449,Capee broo lgii mondok bawanya susah bett,0
2023-07-21T13:48:37Z,@dxa1917,"&quot;Rumah itu akan memberikan rasa aman, nyaman, dan kehangatan&quot;<br>Tapi bagaimana bisa disebut rumah jikalau masih ada rasa takut dan was-was ditempat yang disebut rumah. YTTA",18
2023-07-21T03:40:25Z,@raslaria7672,Don&#39;t worry smile more â¤ğŸ˜Š,3
2023-07-20T15:36:47Z,@pauzanabdulah9146,Sakit berakhirnya hubungan mu tak sesakit aku yg gagal max win,0
2023-07-20T15:17:45Z,@michellewannabeyours.,ma..pa..aku juga pengen didengar..,368
2023-07-22T00:23:04Z,@jakiprstv,semangat kamu kuatğŸ˜¢ğŸ¥ºâ¤ï¸â€ğŸ©¹,2
2023-07-22T01:10:33Z,@michellewannabeyours.,"@@jakiprstv haha iya,cuma kadang down aja gitu kalo gapubya tmpt ceritağŸ˜„ğŸ™",8
2023-07-23T07:33:17Z,@anugerahakmal1629,"@@michellewannabeyours. sama kak, seneng bgt aku bisa jadi tempat orang cerita dengan respom terbaik aku, sedangkan aku, aku ga ada tempat buat cerita, pengen gt sering cerita ke ibu tp rasanya malu masalah masalah sepele masa di ceritain wkwk<br>semangat kak......",10
2023-07-23T09:10:26Z,@michellewannabeyours.,"@@anugerahakmal1629 hehee sama kok,kita jadi pendengar yang baik tapi ga ada pendengar yang baik juga buat dengerin kita,suka dengerin cerita dan ksh solusi tp lupa buat cerita dan cari solusi masalah sendiri,semangat ya akmall!!u kuat dan selalu kuat! Ingat yaaa â¤ï¸â¤ï¸",3
2023-11-30T15:58:04Z,@PecelLelemujahid-nb5zw,Berat yaa dewasa tampa punya tempat bercerita kita sama:),2
2023-07-19T02:56:37Z,@Mutia-x4m,Rumah ? Di mana rumah ku?,2
2023-07-18T15:40:46Z,@chelloandromeida,"&quot;aku sudah terlalu dalam mencintaimu,dan berjanjilah jangan sampai ada kata perpisahan diantara kita.",26
2023-07-18T13:00:24Z,@Luky-hy7rw,Don&#39;t cry<br>Keep smile<br>Always be happy for you ğŸ’,96
2023-07-23T01:05:22Z,@mersimersi6252,Ap artinya bang messi,0
2023-07-25T07:01:29Z,@xillabrhena405,y,0
2023-07-29T13:09:25Z,@nurastna7406,Cukup jadi diri sendiri<br>Menangislah ketika kamu sedih<br>Tidak perlu tersenyum ketika kamu sakit<br>Jangan bohongi diri sendiri untuk dunia<br>Dengan begitu kamu tidak tersiksa dan akan segera bahagia,4
2023-07-17T15:39:32Z,@fanchanxd8388,"Terlalu banyak takut sehingga lebih memilih diam daripada gagal, tanpa disadari bahkan orang seperti itu sudah gagal sebelum mereka memulai. Katakan, aku Spartan! aku seorang pejuang! aku kuat! Jika ingin berdamai maka bersiap untuk berperang. Ayo maju saudara saudaraku!!!",228
2024-03-07T01:54:54Z,@ArwahyuSugito-fv3gq,gfjsoiryjtk,0
2023-07-16T16:02:12Z,@AditAdut,"Hdp emang gak semua tentang bahagia, tapi ini sedih nya kebanyakan",11
2023-07-16T15:08:34Z,@rizkimuhammad6975,yang komen rata rata gen z,1
2023-07-20T00:19:01Z,@sansid5273,Iya njir,0
2023-07-16T13:32:35Z,@anisahputripratama5459,Ternyata aku sadar skrng bahwa keluarga belum tentu menjadi tempat kita untuk pulang ğŸ˜Š,183
2023-07-16T14:41:40Z,@imam_Siagian,Mau gimanapun juga keluarga tetep nomer satu mbkâ˜ºï¸,0
2023-07-21T06:40:37Z,@gasolinesky4955,"@@imam_Siagian belum tentu , kalau keluarga nya toxic , sampe buat si anak jadi bipolar dan ptsd  ? lu mau bilang apa? gue korban kdrt selama 10 taun dan kena bipolar , ptsd  . mau bilang gmn lu ?",9
2023-08-08T17:29:10Z,@Furcapritody,gak semua keluarga bisa jadi nomor satu wkwk<br><br>@@imam_Siagian,3
2023-08-09T19:44:34Z,@rianfakhriramadhan5232,"dan bukan berarti kita harus menanggap itu bukan tempat untuk pulang,ingat seburuk buruknya tempat tinggal itu ketika kita tidak dapat bersyukur. SEMANGAT KAKAğŸ¤—",0
2023-08-31T06:18:25Z,@sitirifda9891,â€‹@@Furcapritodysetuju,1
2023-07-16T09:55:05Z,@nurulainamir9760,Allahumma Solli Ala Sayyidina Muhammad,26
2023-07-16T06:47:30Z,@BelvaArkarna,Lagunya seperti kisah ku ğŸ˜¥,5
2023-07-16T02:05:33Z,@yudanagara1805,Dahlah,0
2023-07-15T23:35:51Z,@dellafebriyana55,Mana rumahku?  Aku sudah hampir gila mencarinya ğŸ˜…,4
2023-07-16T02:36:04Z,@fifiutari3033,"&quot;Rumah bukan hanya sebuah tempat, tetapi itu adalah perasaan.&quot;",0
2023-11-30T16:02:14Z,@PecelLelemujahid-nb5zw,Allah ;),0
2023-07-15T17:32:51Z,@yuniiartt2474,Aku berharap cerita apapun yang membuatku senang tidak ada habisnya. <br>Tikaaacry,11
2023-07-15T03:00:26Z,@meizyo8680,good,1
2023-07-14T15:22:55Z,@Oktavian-Ramdani,Aduh gua lgi gamon denger lagu ini jdi ngena banget ke hatiğŸ˜£,4
2023-07-13T16:39:21Z,@nasywadanurrini5302,"Ambil dengan keberanian, atau lepaskan dengan penuh keridhoan :&quot;)",18
2023-07-13T12:36:05Z,@imawati5939,Cape:),2
2023-07-13T08:51:40Z,@JonDuri-b3q,"Lagu feby emng paham sama hari senja lirik ya keren apalagi langit sedang mendung terasa indah sore hari ,mantap kuyğŸ˜…ğŸ˜…ğŸ˜…",2
2023-07-12T12:25:43Z,@Raass_yaa..,gaada rumah kak.,2
2023-07-16T02:33:51Z,@fifiutari3033,Pengen pulang tapi ini udah di rumah :),0
2023-07-12T04:25:31Z,@nabilanabila6682,CapeeeğŸ˜©ğŸ˜–ğŸ˜«ğŸ˜«ğŸ˜­,2
2023-07-11T13:07:48Z,@elsyafatiha7101,aku tunggu kamu pulang hehe,2
2023-07-11T12:38:42Z,@___ar___5221,"Menjadi dewasa bukan hal yg menakutkan namun juga tidak menyenangkan, menjadi dewasa bukan sebuah keharusan tpi pilihan untuk melangkah keluar dari zona nyaman",26
2023-07-12T12:37:50Z,@dwiauliasyahad4533,Boleh 2in?,0
2023-07-13T16:22:34Z,@wayansucitagema8629,chuaks,0
2023-07-23T02:37:07Z,@riarestyyy1379,Keharusan sihğŸ˜­,0
2023-07-11T05:56:45Z,@Jumadibolok,"Kamu cape gak sendirian kok, tenang ada aku, sini ngomong aja sama akuğŸ˜Š",8
2023-07-20T05:59:34Z,@gurnisminis5083,ucapku pada cermin tua di kamar ibu yang telah tiada..,0
2023-07-10T07:20:14Z,@kdhiro4510,"Disudut hati seorang pendosa,masih ada hasrat untuk ke surga <br>    `pebriann",60
2023-07-09T14:30:34Z,@martinusnogo7546,"Sesuai, dengan perjalanan, hidup sayağŸ’ª",1
2023-07-08T04:45:15Z,@nailaulfi-u7k,capek di suruh ngejer sesuai harapan mereka tampa dukungan,23
2023-07-07T13:45:03Z,@gozay25,"aku menunggu mu pulang, disinii",9
2023-07-07T03:42:24Z,@aling0191,Indah kok,1
2023-07-06T09:53:48Z,@hammadcebonk2093,Aku sangat merindukanmu.,7
2023-07-06T04:08:03Z,@mochhanif6175,Jadi dewasa tidak sesuai harapan... semua hilang ak cuma punya di ku sendiri.,5
2023-07-03T13:16:04Z,@tanizadevitapn18,menuju dewasa ga segampang yg dibayangkanğŸ˜Š,35
2023-07-03T07:22:57Z,@talithaayunatasya7105,"&quot;Dewasa bukan sebuah sebuah hal yang di takuti, namun tidak semua orang kuat untuk mengatakan dewasa hal menyenangkan&quot;",1688
2023-07-08T16:02:41Z,@newrivay5176,rasa takut pasti ada di setiap orang,45
2023-07-08T16:02:56Z,@newrivay5176,ayoo berani,17
2023-07-14T13:52:16Z,@neliakharismaifada5891,semangat kka cantik,10
2023-07-20T10:50:30Z,@Alip_palalialip-zq8uw,Smart,2
2023-07-21T02:31:35Z,@hayukahh1614,"â€‹@@newrivay5176FRvufyhy,b6hk,",0
2023-06-30T06:31:23Z,@bebmetalvie8124,&#39;&#39;ingat pertemuan pasti ada namanya perpisahan&#39;&#39;,37
2023-06-21T07:35:25Z,@MamaWahyu-yi1lo,"Ga krasa sampe nangis dengerin ini.. kereeennn,, ngena banget",25
2023-06-21T08:50:58Z,@aerezza9977,Iya kahâ˜ï¸ğŸ˜‹,3
2023-07-15T16:23:58Z,@anaaxcy_,â€‹@@aerezza9977HAHAHAHAHAHA IYAIN AJA BRO,0
2023-06-20T12:53:24Z,@Short19-t3x,Boleh nanya kk? Apa gak kena klam hak cipta ni kk?,0
2023-07-11T10:23:43Z,@fajarpratama160,Claim?,0
2023-06-20T00:53:53Z,@dikipratama7208,Berharap di pertemukan dengan wanita yg baik ahklaq ya,7
2023-06-19T06:00:53Z,@AlgifariAhmad-o5r,ngenaa bangett liriknyağŸ¤—,28
2023-06-19T00:45:09Z,@faiztirtaanugerah,Sumpah keren bet lagunya,7
2023-06-18T20:06:37Z,@SariAgusginting,"hari ke hari tambah berantakan , sampai lupa apa tujuan yang diinginkan, tambah dewasa tambah banyak beban pikiran banyak mimpi yang belum tercapai,dulu bnyk sekali yang diinginkan tapiii sekarang bermimpi aja takut gaa sampai Ann<br><br><br>190623",122
2024-02-14T11:20:26Z,@balqisputri-kw3gg,real....,0
2023-06-18T16:54:56Z,@joyomarpaung6034,Nyentuh,2
2023-06-18T03:36:02Z,@zaidanaldzakir2008,Wenas melengkapi berbagi@rekaputri.official  stell,0
